codename;codenumber;temperature;power;mode;power_status;status;rssi;waktu_wib
NJYF1;1;26.60;99;manual;error;online;-33;10-06-2026 06:01:04
NJYF1;1;26.60;99;manual;error;online;-33;10-06-2026 06:03:04
NJYF1;1;26.50;99;manual;error;online;-33;10-06-2026 06:05:05
NJYF1;1;26.50;99;manual;error;online;-33;10-06-2026 06:07:05
NJYF1;1;26.50;99;manual;error;online;-33;10-06-2026 06:09:06
NJYF1;1;26.50;99;manual;error;online;-32;10-06-2026 06:11:07
NJYF1;1;26.40;99;manual;error;online;-33;10-06-2026 06:13:07
NJYF1;1;26.40;99;manual;error;online;-32;10-06-2026 06:15:08
NJYF1;1;26.40;99;manual;error;online;-32;10-06-2026 06:17:08
NJYF1;1;26.40;99;manual;error;online;-33;10-06-2026 06:19:09
NJYF1;1;26.40;99;manual;error;online;-31;10-06-2026 06:21:09
NJYF1;1;26.40;99;manual;error;online;-31;10-06-2026 06:23:10
NJYF1;1;26.40;99;manual;error;online;-31;10-06-2026 06:25:10
NJYF1;1;26.50;99;manual;error;online;-32;10-06-2026 06:27:11
NJYF1;1;26.50;99;manual;error;online;-32;10-06-2026 06:29:11
NJYF1;1;26.50;99;manual;error;online;-59;10-06-2026 06:31:12
NJYF1;1;26.50;99;manual;error;online;-49;10-06-2026 06:33:13
NJYF1;1;26.50;99;manual;error;online;-67;10-06-2026 06:35:13
NJYF1;1;26.50;99;manual;error;online;-36;10-06-2026 06:37:14
NJYF1;1;26.50;99;manual;error;online;-51;10-06-2026 06:39:14
NJYF1;1;26.50;99;manual;error;online;-49;10-06-2026 06:41:15
NJYF1;1;26.50;99;manual;error;online;-50;10-06-2026 06:43:15
NJYF1;1;26.50;99;manual;error;online;-46;10-06-2026 06:45:16
NJYF1;1;26.50;99;manual;error;online;-56;10-06-2026 06:47:16
NJYF1;1;26.50;99;manual;error;online;-58;10-06-2026 06:49:17
NJYF1;1;26.50;99;manual;error;online;-57;10-06-2026 06:51:17
NJYF1;1;26.50;99;manual;error;online;-57;10-06-2026 06:53:18
NJYF1;1;26.50;99;manual;error;online;-58;10-06-2026 06:55:19
NJYF1;1;26.50;99;manual;error;online;-58;10-06-2026 06:57:19
NJYF1;1;26.50;99;manual;error;online;-55;10-06-2026 06:59:20
NJYF1;1;26.60;99;manual;error;online;-54;10-06-2026 07:01:20
NJYF1;1;26.60;99;manual;error;online;-54;10-06-2026 07:03:21
NJYF1;1;26.60;99;manual;error;online;-53;10-06-2026 07:05:21
NJYF1;1;26.60;99;manual;error;online;-55;10-06-2026 07:07:22
NJYF1;1;26.60;99;manual;error;online;-54;10-06-2026 07:09:22
NJYF1;1;26.70;99;manual;error;online;-42;10-06-2026 07:11:23
NJYF1;1;26.70;99;manual;error;online;-46;10-06-2026 07:13:23
NJYF1;1;26.80;99;manual;error;online;-41;10-06-2026 07:15:24
NJYF1;1;26.80;99;manual;error;online;-53;10-06-2026 07:17:24
NJYF1;1;26.90;99;manual;error;online;-57;10-06-2026 07:19:25
NJYF1;1;27.00;99;manual;error;online;-54;10-06-2026 07:21:26
NJYF1;1;27.00;99;manual;error;online;-61;10-06-2026 07:23:26
NJYF1;1;27.10;99;manual;error;online;-50;10-06-2026 07:25:27
NJYF1;1;27.10;99;manual;error;online;-42;10-06-2026 07:27:27
NJYF1;1;27.20;99;manual;error;online;-42;10-06-2026 07:29:28
NJYF1;1;27.20;99;manual;error;online;-44;10-06-2026 07:31:28
NJYF1;1;27.30;99;manual;error;online;-44;10-06-2026 07:33:29
NJYF1;1;27.30;99;manual;error;online;-42;10-06-2026 07:35:30
NJYF1;1;27.40;99;manual;error;online;-43;10-06-2026 07:37:30
NJYF1;1;27.40;99;manual;error;online;-45;10-06-2026 07:39:31
NJYF1;1;27.40;99;manual;error;online;-45;10-06-2026 07:41:31
NJYF1;1;30.20;99;manual;safe;online;-67;10-06-2026 10:31:52
NJYF1;1;32.30;99;manual;error;online;-66;10-06-2026 10:35:48
NJYF1;1;33.80;56;manual;error;online;-66;10-06-2026 10:37:48
NJYF1;1;33.70;63;manual;error;online;-78;10-06-2026 10:39:49
NJYF1;1;33.40;72;manual;error;online;-66;10-06-2026 10:41:49
NJYF1;1;33.70;63;manual;safe;online;-86;10-06-2026 10:43:50
NJYF1;1;34.00;51;manual;safe;online;-69;10-06-2026 10:45:51
NJYF1;1;34.20;32;manual;safe;online;-68;10-06-2026 10:47:51
NJYF1;1;34.10;16;manual;safe;online;-74;10-06-2026 10:49:52
NJYF1;1;34.10;5;manual;safe;online;-69;10-06-2026 10:51:52
NJYF1;1;34.10;0;manual;safe;online;-67;10-06-2026 10:53:53
NJYF1;1;34.20;0;manual;safe;online;-66;10-06-2026 10:55:54
NJYF1;1;34.10;0;manual;safe;online;-65;10-06-2026 10:57:54
NJYF1;1;34.10;0;manual;safe;online;-63;10-06-2026 10:59:55
NJYF1;1;34.20;0;manual;safe;online;-63;10-06-2026 11:01:55
NJYF1;1;34.30;0;manual;safe;online;-64;10-06-2026 11:03:56
NJYF1;1;34.40;0;manual;safe;online;-65;10-06-2026 11:05:57
NJYF1;1;34.30;0;manual;safe;online;-66;10-06-2026 11:07:57
NJYF1;1;34.30;0;manual;safe;online;-64;10-06-2026 11:09:58
NJYF1;1;34.40;0;manual;safe;online;-63;10-06-2026 11:11:58
NJYF1;1;34.50;0;manual;safe;online;-61;10-06-2026 11:13:59
NJYF1;1;34.50;0;manual;safe;online;-64;10-06-2026 11:16:00
NJYF1;1;34.50;0;manual;safe;online;-62;10-06-2026 11:18:00
NJYF1;1;34.60;0;manual;safe;online;-63;10-06-2026 11:20:01
NJYF1;1;34.70;0;manual;safe;online;-64;10-06-2026 11:22:02
NJYF1;1;34.60;0;manual;safe;online;-65;10-06-2026 11:24:02
NJYF1;1;34.60;0;manual;safe;online;-65;10-06-2026 11:26:03
NJYF1;1;34.70;0;manual;safe;online;-66;10-06-2026 11:28:03
NJYF1;1;34.70;0;manual;safe;online;-63;10-06-2026 11:30:04
NJYF1;1;34.70;0;manual;safe;online;-63;10-06-2026 11:32:05
NJYF1;1;34.70;0;manual;safe;online;-63;10-06-2026 11:34:05
NJYF1;1;34.90;0;manual;safe;online;-63;10-06-2026 11:36:06
NJYF1;1;35.00;0;manual;safe;online;-64;10-06-2026 11:38:06
NJYF1;1;35.00;0;manual;safe;online;-63;10-06-2026 11:40:07
NJYF1;1;34.90;0;manual;safe;online;-63;10-06-2026 11:42:08
NJYF1;1;34.80;0;manual;safe;online;-63;10-06-2026 11:44:08
NJYF1;1;35.00;0;manual;safe;online;-62;10-06-2026 11:46:09
NJYF1;1;35.00;0;manual;safe;online;-63;10-06-2026 11:48:09
NJYF1;1;35.10;0;manual;safe;online;-62;10-06-2026 11:50:10
NJYF1;1;35.10;0;manual;safe;online;-63;10-06-2026 11:52:11
NJYF1;1;35.10;0;manual;safe;online;-63;10-06-2026 11:54:11
NJYF1;1;35.20;0;manual;safe;online;-62;10-06-2026 11:56:12
NJYF1;1;35.20;0;manual;safe;online;-63;10-06-2026 11:58:13
NJYF1;1;35.10;0;manual;safe;online;-63;10-06-2026 12:00:13
NJYF1;1;35.20;0;manual;safe;online;-63;10-06-2026 12:02:14
NJYF1;1;35.20;0;manual;safe;online;-63;10-06-2026 12:04:14
NJYF1;1;35.30;0;manual;safe;online;-63;10-06-2026 12:06:15
NJYF1;1;35.40;0;manual;safe;online;-63;10-06-2026 12:08:16
NJYF1;1;35.40;0;manual;safe;online;-63;10-06-2026 12:10:16
NJYF1;1;35.40;0;manual;safe;online;-64;10-06-2026 12:12:17
NJYF1;1;35.40;0;manual;safe;online;-65;10-06-2026 12:14:17
NJYF1;1;35.40;0;manual;safe;online;-65;10-06-2026 12:16:18
NJYF1;1;35.40;0;manual;safe;online;-65;10-06-2026 12:18:19
NJYF1;1;35.40;0;manual;safe;online;-66;10-06-2026 12:20:19
NJYF1;1;35.40;0;manual;safe;online;-65;10-06-2026 12:22:20
NJYF1;1;35.30;0;manual;safe;online;-65;10-06-2026 12:24:20
NJYF1;1;35.40;0;manual;safe;online;-65;10-06-2026 12:26:21
NJYF1;1;35.50;0;manual;safe;online;-65;10-06-2026 12:28:22
NJYF1;1;35.50;0;manual;safe;online;-65;10-06-2026 12:30:22
NJYF1;1;35.60;0;manual;safe;online;-65;10-06-2026 12:32:23
NJYF1;1;35.60;0;manual;safe;online;-64;10-06-2026 12:34:24
NJYF1;1;35.80;0;manual;safe;online;-65;10-06-2026 12:36:24
NJYF1;1;35.80;0;manual;safe;online;-62;10-06-2026 12:38:25
NJYF1;1;35.80;0;manual;safe;online;-63;10-06-2026 12:40:25
NJYF1;1;35.90;0;manual;safe;online;-63;10-06-2026 12:42:26
NJYF1;1;35.80;0;manual;safe;online;-63;10-06-2026 12:44:27
NJYF1;1;35.70;0;manual;safe;online;-63;10-06-2026 12:46:27
NJYF1;1;35.80;0;manual;safe;online;-64;10-06-2026 12:48:28
NJYF1;1;35.80;0;manual;safe;online;-63;10-06-2026 12:50:28
NJYF1;1;35.80;0;manual;safe;online;-63;10-06-2026 12:52:29
NJYF1;1;36.30;0;manual;safe;online;-66;10-06-2026 13:04:30
NJYF1;1;36.40;0;manual;safe;online;-65;10-06-2026 13:06:31
NJYF1;1;36.30;0;manual;safe;online;-66;10-06-2026 13:08:31
NJYF1;1;36.20;0;manual;safe;online;-65;10-06-2026 13:10:32
NJYF1;1;36.10;0;manual;safe;online;-63;10-06-2026 13:12:33
NJYF1;1;36.00;0;manual;safe;online;-62;10-06-2026 13:14:33
NJYF1;1;35.90;0;manual;safe;online;-62;10-06-2026 13:16:34
NJYF1;1;35.80;0;manual;safe;online;-63;10-06-2026 13:18:34
NJYF1;1;35.70;0;manual;safe;online;-63;10-06-2026 13:20:35
NJYF1;1;35.80;0;manual;safe;online;-63;10-06-2026 13:22:36
NJYF1;1;35.80;0;manual;safe;online;-62;10-06-2026 13:24:36
NJYF1;1;35.90;0;manual;safe;online;-64;10-06-2026 13:26:37
NJYF1;1;35.80;0;manual;safe;online;-65;10-06-2026 13:28:38
NJYF1;1;35.70;0;manual;safe;online;-65;10-06-2026 13:30:38
NJYF1;1;35.80;0;manual;safe;online;-65;10-06-2026 13:32:39
NJYF1;1;35.80;0;manual;safe;online;-64;10-06-2026 13:34:39
NJYF1;1;35.80;0;manual;safe;online;-63;10-06-2026 13:36:40
NJYF1;1;35.70;0;manual;safe;online;-63;10-06-2026 13:38:41
NJYF1;1;35.60;0;manual;safe;online;-64;10-06-2026 13:40:41
NJYF1;1;35.60;0;manual;safe;online;-65;10-06-2026 13:42:42
NJYF1;1;35.60;0;manual;safe;online;-65;10-06-2026 13:44:42
NJYF1;1;35.70;0;manual;safe;online;-65;10-06-2026 13:46:43
NJYF1;1;35.60;0;manual;safe;online;-66;10-06-2026 13:48:44
NJYF1;1;35.60;0;manual;safe;online;-65;10-06-2026 13:50:44
NJYF1;1;35.40;0;manual;safe;online;-66;10-06-2026 13:52:45
NJYF1;1;35.30;0;manual;safe;online;-65;10-06-2026 13:54:45
NJYF1;1;35.10;0;manual;safe;online;-65;10-06-2026 13:56:46
NJYF1;1;35.10;0;manual;safe;online;-66;10-06-2026 13:58:47
NJYF1;1;35.10;0;manual;safe;online;-65;10-06-2026 14:00:47
NJYF1;1;35.10;0;manual;safe;online;-65;10-06-2026 14:02:48
NJYF1;1;35.20;0;manual;safe;online;-65;10-06-2026 14:04:48
NJYF1;1;35.20;0;manual;safe;online;-66;10-06-2026 14:06:49
NJYF1;1;35.30;0;manual;safe;online;-66;10-06-2026 14:08:50
NJYF1;1;35.20;0;manual;safe;online;-63;10-06-2026 14:10:50
NJYF1;1;35.30;0;manual;safe;online;-64;10-06-2026 14:12:51
NJYF1;1;35.20;0;manual;safe;online;-63;10-06-2026 14:14:51
NJYF1;1;35.20;0;manual;safe;online;-63;10-06-2026 14:16:52
NJYF1;1;35.10;0;manual;safe;online;-63;10-06-2026 14:18:52
NJYF1;1;35.00;0;manual;safe;online;-63;10-06-2026 14:20:53
NJYF1;1;35.00;0;manual;safe;online;-63;10-06-2026 14:22:54
NJYF1;1;35.00;0;manual;safe;online;-63;10-06-2026 14:24:54
NJYF1;1;34.90;0;manual;safe;online;-63;10-06-2026 14:26:55
NJYF1;1;34.90;0;manual;safe;online;-63;10-06-2026 14:28:55
NJYF1;1;34.80;0;manual;safe;online;-63;10-06-2026 14:30:56
NJYF1;1;34.90;0;manual;safe;online;-63;10-06-2026 14:32:57
NJYF1;1;34.80;0;manual;safe;online;-65;10-06-2026 14:34:57
NJYF1;1;34.70;0;manual;safe;online;-65;10-06-2026 14:36:58
NJYF1;1;34.60;0;manual;safe;online;-65;10-06-2026 14:38:58
NJYF1;1;34.50;0;manual;safe;online;-65;10-06-2026 14:40:59
NJYF1;1;34.50;0;manual;safe;online;-65;10-06-2026 14:43:00
NJYF1;1;34.40;0;manual;safe;online;-66;10-06-2026 14:45:00
NJYF1;1;34.20;0;manual;safe;online;-64;10-06-2026 14:47:01
NJYF1;1;34.10;0;manual;safe;online;-66;10-06-2026 14:49:01
NJYF1;1;33.90;0;manual;safe;online;-65;10-06-2026 14:51:02
NJYF1;1;33.70;0;manual;safe;online;-66;10-06-2026 14:53:03
NJYF1;1;33.60;42;manual;safe;online;-66;10-06-2026 14:55:03
NJYF1;1;33.80;57;manual;safe;online;-65;10-06-2026 14:57:04
NJYF1;1;34.10;45;manual;safe;online;-66;10-06-2026 14:59:05
NJYF1;1;34.10;29;manual;safe;online;-65;10-06-2026 15:01:05
NJYF1;1;34.10;20;manual;safe;online;-66;10-06-2026 15:03:06
NJYF1;1;34.00;21;manual;safe;online;-65;10-06-2026 15:05:06
NJYF1;1;33.80;42;manual;safe;online;-65;10-06-2026 15:07:07
NJYF1;1;33.80;56;manual;safe;online;-66;10-06-2026 15:09:08
NJYF1;1;33.80;57;manual;safe;online;-65;10-06-2026 15:11:08
NJYF1;1;33.70;62;manual;safe;online;-66;10-06-2026 15:13:09
NJYF1;1;33.60;64;manual;safe;online;-66;10-06-2026 15:15:09
NJYF1;1;33.60;66;manual;safe;online;-65;10-06-2026 15:17:10
NJYF1;1;33.50;68;manual;safe;online;-64;10-06-2026 15:19:11
NJYF1;1;33.50;69;manual;safe;online;-66;10-06-2026 15:21:11
NJYF1;1;33.50;69;manual;safe;online;-65;10-06-2026 15:23:12
NJYF1;1;33.40;73;manual;safe;online;-66;10-06-2026 15:25:12
NJYF1;1;33.30;76;manual;safe;online;-66;10-06-2026 15:27:13
NJYF1;1;33.30;78;manual;safe;online;-66;10-06-2026 15:29:14
NJYF1;1;33.30;78;manual;safe;online;-65;10-06-2026 15:31:14
NJYF1;1;33.30;78;manual;safe;online;-65;10-06-2026 15:33:15
NJYF1;1;33.30;79;manual;safe;online;-66;10-06-2026 15:35:16
NJYF1;1;33.20;81;manual;safe;online;-66;10-06-2026 15:37:16
NJYF1;1;33.20;82;manual;safe;online;-65;10-06-2026 15:39:17
NJYF1;1;33.10;84;manual;safe;online;-66;10-06-2026 15:41:17
NJYF1;1;33.20;80;manual;safe;online;-66;10-06-2026 15:43:18
NJYF1;1;33.30;78;manual;safe;online;-66;10-06-2026 15:45:19
NJYF1;1;33.40;73;manual;safe;online;-65;10-06-2026 15:47:19
NJYF1;1;33.50;69;manual;safe;online;-66;10-06-2026 15:49:20
NJYF1;1;33.60;67;manual;safe;online;-65;10-06-2026 15:51:20
NJYF1;1;33.60;64;manual;safe;online;-65;10-06-2026 15:53:21
NJYF1;1;33.80;58;manual;safe;online;-66;10-06-2026 15:55:21
NJYF1;1;33.80;57;manual;safe;online;-65;10-06-2026 15:57:22
NJYF1;1;33.80;58;manual;safe;online;-65;10-06-2026 15:59:23
NJYF1;1;33.70;63;manual;safe;online;-66;10-06-2026 16:01:23
NJYF1;1;33.60;64;manual;safe;online;-66;10-06-2026 16:03:24
NJYF1;1;33.60;64;manual;safe;online;-66;10-06-2026 16:05:25
NJYF1;1;33.60;67;manual;safe;online;-65;10-06-2026 16:07:25
NJYF1;1;33.60;65;manual;safe;online;-65;10-06-2026 16:09:26
NJYF1;1;33.60;67;manual;safe;online;-65;10-06-2026 16:11:26
NJYF1;1;33.50;68;manual;safe;online;-66;10-06-2026 16:13:27
NJYF1;1;33.50;69;manual;safe;online;-66;10-06-2026 16:15:28
NJYF1;1;33.50;69;manual;safe;online;-65;10-06-2026 16:17:28
NJYF1;1;33.40;72;manual;safe;online;-66;10-06-2026 16:19:29
NJYF1;1;33.40;75;manual;safe;online;-65;10-06-2026 16:21:29
NJYF1;1;33.20;80;manual;safe;online;-66;10-06-2026 16:23:30
NJYF1;1;33.10;86;manual;safe;online;-66;10-06-2026 16:25:30
NJYF1;1;33.00;90;manual;safe;online;-65;10-06-2026 16:27:31
NJYF1;1;32.90;92;manual;safe;online;-66;10-06-2026 16:29:32
NJYF1;1;32.90;95;manual;safe;online;-66;10-06-2026 16:31:32
NJYF1;1;32.80;97;manual;safe;online;-66;10-06-2026 16:33:33
NJYF1;1;32.60;99;manual;safe;online;-64;10-06-2026 16:35:33
NJYF1;1;32.50;99;manual;safe;online;-65;10-06-2026 16:37:34
NJYF1;1;32.40;99;manual;safe;online;-63;10-06-2026 16:39:35
NJYF1;1;32.30;99;manual;safe;online;-64;10-06-2026 16:41:35
NJYF1;1;32.40;99;manual;safe;online;-65;10-06-2026 16:43:36
NJYF1;1;32.40;99;manual;safe;online;-66;10-06-2026 16:45:36
NJYF1;1;32.30;99;manual;safe;online;-66;10-06-2026 16:47:37
NJYF1;1;32.30;99;manual;safe;online;-66;10-06-2026 16:49:37
NJYF1;1;32.30;99;manual;safe;online;-65;10-06-2026 16:51:38
NJYF1;1;32.30;99;manual;safe;online;-65;10-06-2026 16:53:38
NJYF1;1;32.30;99;manual;safe;online;-66;10-06-2026 16:55:39
NJYF1;1;32.20;99;manual;safe;online;-66;10-06-2026 16:57:40
NJYF1;1;32.20;99;manual;safe;online;-65;10-06-2026 16:59:40
NJYF1;1;32.00;99;manual;safe;online;-65;10-06-2026 17:01:41
NJYF1;1;32.00;99;manual;safe;online;-65;10-06-2026 17:03:41
NJYF1;1;32.00;99;manual;safe;online;-65;10-06-2026 17:05:42
NJYF1;1;31.90;99;manual;safe;online;-65;10-06-2026 17:07:43
NJYF1;1;31.80;99;manual;safe;online;-66;10-06-2026 17:09:43
NJYF1;1;31.80;99;manual;safe;online;-64;10-06-2026 17:11:44
NJYF1;1;31.80;99;manual;safe;online;-64;10-06-2026 17:13:44
NJYF1;1;31.70;99;manual;safe;online;-64;10-06-2026 17:15:45
NJYF1;1;31.70;99;manual;safe;online;-65;10-06-2026 17:17:46
NJYF1;1;31.60;99;manual;safe;online;-65;10-06-2026 17:19:46
NJYF1;1;31.50;99;manual;safe;online;-66;10-06-2026 17:21:47
NJYF1;1;31.40;99;manual;safe;online;-66;10-06-2026 17:23:47
NJYF1;1;31.20;99;manual;safe;online;-66;10-06-2026 17:25:48
NJYF1;1;31.30;99;manual;safe;online;-66;10-06-2026 17:27:48
NJYF1;1;31.20;99;manual;safe;online;-67;10-06-2026 17:29:49
NJYF1;1;31.10;99;manual;safe;online;-66;10-06-2026 17:31:50
NJYF1;1;31.10;99;manual;safe;online;-66;10-06-2026 17:33:50
NJYF1;1;31.10;99;manual;safe;online;-66;10-06-2026 17:35:51
NJYF1;1;31.00;99;manual;safe;online;-66;10-06-2026 17:37:51
NJYF1;1;31.00;99;manual;safe;online;-66;10-06-2026 17:39:52
NJYF1;1;30.80;99;manual;safe;online;-69;10-06-2026 17:41:53
NJYF1;1;30.70;99;manual;safe;online;-68;10-06-2026 17:43:53
NJYF1;1;30.60;99;manual;safe;online;-67;10-06-2026 17:45:54
NJYF1;1;30.60;99;manual;safe;online;-66;10-06-2026 17:47:54
NJYF1;1;30.60;99;manual;safe;online;-67;10-06-2026 17:49:55
NJYF1;1;30.50;99;manual;safe;online;-67;10-06-2026 17:51:56
NJYF1;1;30.50;99;manual;safe;online;-66;10-06-2026 17:53:56
NJYF1;1;30.40;99;manual;safe;online;-67;10-06-2026 17:55:57
NJYF1;1;30.40;99;manual;safe;online;-67;10-06-2026 17:57:57
NJYF1;1;30.50;99;manual;safe;online;-67;10-06-2026 17:59:58
NJYF1;1;30.50;99;manual;safe;online;-67;10-06-2026 18:01:59
NJYF1;1;30.50;99;manual;safe;online;-67;10-06-2026 18:03:59
NJYF1;1;30.50;99;manual;safe;online;-67;10-06-2026 18:06:00
NJYF1;1;30.40;99;manual;safe;online;-67;10-06-2026 18:08:00
NJYF1;1;30.40;99;manual;safe;online;-66;10-06-2026 18:10:01
NJYF1;1;30.30;99;manual;safe;online;-67;10-06-2026 18:12:02
NJYF1;1;30.20;99;manual;safe;online;-66;10-06-2026 18:14:02
NJYF1;1;30.20;99;manual;safe;online;-67;10-06-2026 18:16:03
NJYF1;1;30.20;99;manual;safe;online;-67;10-06-2026 18:18:03
NJYF1;1;30.20;99;manual;safe;online;-67;10-06-2026 18:20:04
NJYF1;1;30.20;99;manual;safe;online;-66;10-06-2026 18:22:05
NJYF1;1;30.20;99;manual;safe;online;-66;10-06-2026 18:24:05
NJYF1;1;30.20;99;manual;safe;online;-65;10-06-2026 18:26:07
NJYF1;1;30.10;99;manual;safe;online;-64;10-06-2026 18:28:07
NJYF1;1;30.10;99;manual;safe;online;-67;10-06-2026 18:30:08
NJYF1;1;30.00;99;manual;safe;online;-65;10-06-2026 18:32:09
NJYF1;1;29.90;99;manual;safe;online;-65;10-06-2026 18:34:09
NJYF1;1;30.00;99;manual;safe;online;-64;10-06-2026 18:36:10
NJYF1;1;29.90;99;manual;safe;online;-66;10-06-2026 18:38:10
NJYF1;1;29.80;99;manual;safe;online;-65;10-06-2026 18:40:11
NJYF1;1;29.70;99;manual;safe;online;-67;10-06-2026 18:42:12
NJYF1;1;29.70;99;manual;safe;online;-67;10-06-2026 18:44:12
NJYF1;1;29.70;99;manual;safe;online;-67;10-06-2026 18:46:13
NJYF1;1;29.70;99;manual;safe;online;-67;10-06-2026 18:48:13
NJYF1;1;29.70;99;manual;safe;online;-67;10-06-2026 18:50:14
NJYF1;1;29.70;99;manual;safe;online;-66;10-06-2026 18:52:14
NJYF1;1;29.70;99;manual;safe;online;-65;10-06-2026 18:54:15
NJYF1;1;29.70;99;manual;safe;online;-67;10-06-2026 18:56:16
NJYF1;1;29.60;99;manual;safe;online;-65;10-06-2026 18:58:16
NJYF1;1;29.50;99;manual;safe;online;-65;10-06-2026 19:00:17
NJYF1;1;29.50;99;manual;safe;online;-67;10-06-2026 19:02:17
NJYF1;1;29.40;99;manual;safe;online;-68;10-06-2026 19:04:18
NJYF1;1;29.30;99;manual;safe;online;-68;10-06-2026 19:06:18
NJYF1;1;29.40;99;manual;safe;online;-67;10-06-2026 19:08:19
NJYF1;1;29.30;99;manual;safe;online;-66;10-06-2026 19:10:20
NJYF1;1;29.20;99;manual;safe;online;-67;10-06-2026 19:12:20
NJYF1;1;29.20;99;manual;safe;online;-67;10-06-2026 19:14:21
NJYF1;1;29.20;99;manual;safe;online;-67;10-06-2026 19:16:21
NJYF1;1;29.20;99;manual;safe;online;-68;10-06-2026 19:18:22
NJYF1;1;29.00;99;manual;safe;online;-68;10-06-2026 19:20:22
NJYF1;1;29.00;99;manual;safe;online;-68;10-06-2026 19:22:23
NJYF1;1;28.90;99;manual;safe;online;-67;10-06-2026 19:24:24
NJYF1;1;28.90;99;manual;safe;online;-68;10-06-2026 19:26:24
NJYF1;1;29.00;99;manual;safe;online;-68;10-06-2026 19:28:25
NJYF1;1;28.80;99;manual;safe;online;-68;10-06-2026 19:30:25
NJYF1;1;28.80;99;manual;safe;online;-67;10-06-2026 19:32:26
NJYF1;1;29.00;99;manual;safe;online;-68;10-06-2026 19:34:26
NJYF1;1;28.90;99;manual;safe;online;-65;10-06-2026 19:36:27
NJYF1;1;28.80;99;manual;safe;online;-66;10-06-2026 19:38:28
NJYF1;1;28.80;99;manual;safe;online;-66;10-06-2026 19:40:28
NJYF1;1;28.70;99;manual;safe;online;-65;10-06-2026 19:42:29
NJYF1;1;28.50;99;manual;safe;online;-66;10-06-2026 19:44:29
NJYF1;1;28.60;99;manual;safe;online;-66;10-06-2026 19:46:30
NJYF1;1;28.40;99;manual;safe;online;-66;10-06-2026 19:48:30
NJYF1;1;28.40;99;manual;safe;online;-66;10-06-2026 19:50:31
NJYF1;1;28.40;99;manual;safe;online;-66;10-06-2026 19:52:31
NJYF1;1;28.40;99;manual;safe;online;-66;10-06-2026 19:54:32
NJYF1;1;28.60;99;manual;safe;online;-66;10-06-2026 19:56:33
NJYF1;1;28.60;99;manual;safe;online;-65;10-06-2026 19:58:33
NJYF1;1;28.60;99;manual;safe;online;-66;10-06-2026 20:00:34
NJYF1;1;28.70;99;manual;safe;online;-65;10-06-2026 20:02:34
NJYF1;1;28.60;99;manual;safe;online;-65;10-06-2026 20:04:35
NJYF1;1;28.50;99;manual;safe;online;-65;10-06-2026 20:06:36
NJYF1;1;28.50;99;manual;safe;online;-65;10-06-2026 20:08:36
NJYF1;1;28.40;99;manual;safe;online;-65;10-06-2026 20:10:37
NJYF1;1;28.30;99;manual;safe;online;-66;10-06-2026 20:12:37
NJYF1;1;28.30;99;manual;safe;online;-65;10-06-2026 20:14:38
NJYF1;1;28.30;99;manual;safe;online;-66;10-06-2026 20:16:38
NJYF1;1;28.40;99;manual;safe;online;-65;10-06-2026 20:18:39
NJYF1;1;28.40;99;manual;safe;online;-65;10-06-2026 20:20:40
NJYF1;1;28.40;99;manual;safe;online;-65;10-06-2026 20:22:40
NJYF1;1;28.40;99;manual;safe;online;-65;10-06-2026 20:24:41
NJYF1;1;28.40;99;manual;safe;online;-65;10-06-2026 20:26:41
NJYF1;1;28.50;99;manual;safe;online;-66;10-06-2026 20:28:42
NJYF1;1;28.40;99;manual;safe;online;-66;10-06-2026 20:30:43
NJYF1;1;28.30;99;manual;safe;online;-65;10-06-2026 20:32:43
NJYF1;1;28.40;99;manual;safe;online;-66;10-06-2026 20:34:44
NJYF1;1;28.40;99;manual;safe;online;-66;10-06-2026 20:36:44
NJYF1;1;28.40;99;manual;safe;online;-66;10-06-2026 20:38:45
NJYF1;1;28.40;99;manual;safe;online;-65;10-06-2026 20:40:45
NJYF1;1;28.40;99;manual;safe;online;-65;10-06-2026 20:42:46
NJYF1;1;28.40;99;manual;safe;online;-65;10-06-2026 20:44:47
NJYF1;1;28.40;99;manual;safe;online;-65;10-06-2026 20:46:47
NJYF1;1;28.40;99;manual;safe;online;-64;10-06-2026 20:48:48
NJYF1;1;28.40;99;manual;safe;online;-66;10-06-2026 20:50:48
NJYF1;1;28.30;99;manual;safe;online;-65;10-06-2026 20:52:49
NJYF1;1;28.30;99;manual;safe;online;-66;10-06-2026 20:54:49
NJYF1;1;28.30;99;manual;safe;online;-66;10-06-2026 20:56:50
NJYF1;1;28.20;99;manual;safe;online;-65;10-06-2026 20:58:51
NJYF1;1;28.20;99;manual;safe;online;-66;10-06-2026 21:00:51
NJYF1;1;28.10;99;manual;safe;online;-66;10-06-2026 21:02:52
NJYF1;1;28.10;99;manual;safe;online;-64;10-06-2026 21:04:52
NJYF1;1;28.00;99;manual;safe;online;-66;10-06-2026 21:06:53
NJYF1;1;28.00;99;manual;safe;online;-65;10-06-2026 21:08:54
NJYF1;1;28.00;99;manual;safe;online;-66;10-06-2026 21:10:54
NJYF1;1;28.00;99;manual;safe;online;-65;10-06-2026 21:12:55
NJYF1;1;28.00;99;manual;safe;online;-65;10-06-2026 21:14:55
NJYF1;1;28.00;99;manual;safe;online;-65;10-06-2026 21:16:56
NJYF1;1;28.00;99;manual;safe;online;-65;10-06-2026 21:18:57
NJYF1;1;28.00;99;manual;safe;online;-65;10-06-2026 21:20:57
NJYF1;1;27.90;99;manual;safe;online;-65;10-06-2026 21:22:58
NJYF1;1;27.90;99;manual;safe;online;-65;10-06-2026 21:24:58
NJYF1;1;27.90;99;manual;safe;online;-65;10-06-2026 21:26:59
NJYF1;1;27.80;99;manual;safe;online;-65;10-06-2026 21:28:59
NJYF1;1;27.80;99;manual;safe;online;-65;10-06-2026 21:31:00
NJYF1;1;27.70;99;manual;safe;online;-65;10-06-2026 21:33:01
NJYF1;1;27.60;99;manual;safe;online;-64;10-06-2026 21:35:01
NJYF1;1;27.70;99;manual;safe;online;-64;10-06-2026 21:37:02
NJYF1;1;27.60;99;manual;safe;online;-64;10-06-2026 21:39:02
NJYF1;1;27.70;99;manual;safe;online;-65;10-06-2026 21:41:03
NJYF1;1;27.60;99;manual;safe;online;-64;10-06-2026 21:43:04
NJYF1;1;27.70;99;manual;safe;online;-64;10-06-2026 21:45:04
NJYF1;1;27.60;99;manual;safe;online;-65;10-06-2026 21:47:05
NJYF1;1;27.60;99;manual;safe;online;-65;10-06-2026 21:49:05
NJYF1;1;27.50;99;manual;safe;online;-65;10-06-2026 21:51:06
NJYF1;1;27.50;99;manual;safe;online;-64;10-06-2026 21:53:07
NJYF1;1;27.50;99;manual;safe;online;-65;10-06-2026 21:55:07
NJYF1;1;27.50;99;manual;safe;online;-64;10-06-2026 21:57:08
NJYF1;1;27.40;99;manual;safe;online;-64;10-06-2026 21:59:08
NJYF1;1;27.40;99;manual;safe;online;-64;10-06-2026 22:01:09
NJYF1;1;27.40;99;manual;safe;online;-64;10-06-2026 22:03:10
NJYF1;1;27.40;99;manual;safe;online;-64;10-06-2026 22:05:10
NJYF1;1;27.40;99;manual;safe;online;-64;10-06-2026 22:07:11
NJYF1;1;27.40;99;manual;safe;online;-64;10-06-2026 22:09:11
NJYF1;1;27.40;99;manual;safe;online;-64;10-06-2026 22:11:12
NJYF1;1;27.40;99;manual;safe;online;-64;10-06-2026 22:13:12
NJYF1;1;27.30;99;manual;safe;online;-64;10-06-2026 22:15:13
NJYF1;1;27.40;99;manual;safe;online;-66;10-06-2026 22:17:14
NJYF1;1;27.40;99;manual;safe;online;-65;10-06-2026 22:19:14
NJYF1;1;27.40;99;manual;safe;online;-65;10-06-2026 22:21:15
NJYF1;1;27.40;99;manual;safe;online;-65;10-06-2026 22:23:15
NJYF1;1;27.40;99;manual;safe;online;-65;10-06-2026 22:25:16
NJYF1;1;27.40;99;manual;safe;online;-65;10-06-2026 22:27:17
NJYF1;1;27.30;99;manual;safe;online;-65;10-06-2026 22:29:17
NJYF1;1;27.30;99;manual;safe;online;-65;10-06-2026 22:31:18
NJYF1;1;27.30;99;manual;safe;online;-64;10-06-2026 22:33:18
NJYF1;1;27.20;99;manual;safe;online;-65;10-06-2026 22:35:19
NJYF1;1;27.20;99;manual;safe;online;-65;10-06-2026 22:37:19
NJYF1;1;27.30;99;manual;safe;online;-65;10-06-2026 22:39:20
NJYF1;1;27.30;99;manual;safe;online;-64;10-06-2026 22:41:21
NJYF1;1;27.20;99;manual;safe;online;-65;10-06-2026 22:43:21
NJYF1;1;27.20;99;manual;safe;online;-65;10-06-2026 22:45:22
NJYF1;1;27.20;99;manual;safe;online;-65;10-06-2026 22:47:22
NJYF1;1;27.20;99;manual;safe;online;-65;10-06-2026 22:49:23
NJYF1;1;27.20;99;manual;safe;online;-64;10-06-2026 22:51:23
NJYF1;1;27.20;99;manual;safe;online;-65;10-06-2026 22:53:24
NJYF1;1;27.20;99;manual;safe;online;-64;10-06-2026 22:55:26
NJYF1;1;27.20;99;manual;safe;online;-65;10-06-2026 22:57:26
NJYF1;1;27.10;99;manual;safe;online;-65;10-06-2026 22:59:27
NJYF1;1;27.10;99;manual;safe;online;-64;10-06-2026 23:01:27
NJYF1;1;27.10;99;manual;safe;online;-64;10-06-2026 23:03:28
NJYF1;1;27.20;99;manual;safe;online;-65;10-06-2026 23:05:28
NJYF1;1;27.10;99;manual;safe;online;-65;10-06-2026 23:07:29
NJYF1;1;27.00;99;manual;safe;online;-64;10-06-2026 23:09:30
NJYF1;1;27.00;99;manual;safe;online;-64;10-06-2026 23:11:30
NJYF1;1;27.00;99;manual;safe;online;-64;10-06-2026 23:13:31
NJYF1;1;27.00;99;manual;safe;online;-64;10-06-2026 23:15:31
NJYF1;1;27.00;99;manual;safe;online;-64;10-06-2026 23:17:32
NJYF1;1;26.90;99;manual;safe;online;-64;10-06-2026 23:19:33
NJYF1;1;26.90;99;manual;safe;online;-65;10-06-2026 23:21:33
NJYF1;1;26.90;99;manual;safe;online;-65;10-06-2026 23:23:34
NJYF1;1;26.80;99;manual;safe;online;-64;10-06-2026 23:25:34
NJYF1;1;26.80;99;manual;safe;online;-64;10-06-2026 23:27:35
NJYF1;1;26.70;99;manual;safe;online;-65;10-06-2026 23:29:36
NJYF1;1;26.80;99;manual;safe;online;-65;10-06-2026 23:31:36
NJYF1;1;26.80;99;manual;safe;online;-65;10-06-2026 23:33:37
NJYF1;1;26.70;99;manual;safe;online;-65;10-06-2026 23:35:37
NJYF1;1;26.70;99;manual;safe;online;-65;10-06-2026 23:37:38
NJYF1;1;26.60;99;manual;safe;online;-65;10-06-2026 23:39:38
NJYF1;1;26.60;99;manual;safe;online;-65;10-06-2026 23:41:39
NJYF1;1;26.50;99;manual;safe;online;-65;10-06-2026 23:43:40
NJYF1;1;26.50;99;manual;safe;online;-65;10-06-2026 23:45:40
NJYF1;1;26.50;99;manual;safe;online;-65;10-06-2026 23:47:41
NJYF1;1;26.50;99;manual;safe;online;-65;10-06-2026 23:49:41
NJYF1;1;26.50;99;manual;safe;online;-65;10-06-2026 23:51:42
NJYF1;1;26.40;99;manual;safe;online;-65;10-06-2026 23:53:43
NJYF1;1;26.50;99;manual;safe;online;-65;10-06-2026 23:55:43
NJYF1;1;26.50;99;manual;safe;online;-65;10-06-2026 23:57:44
NJYF1;1;26.60;99;manual;safe;online;-65;10-06-2026 23:59:44
NJYF1;1;26.60;99;manual;safe;online;-64;11-06-2026 00:01:45
NJYF1;1;26.60;99;manual;safe;online;-64;11-06-2026 00:03:45
NJYF1;1;26.60;99;manual;safe;online;-64;11-06-2026 00:05:46
NJYF1;1;26.50;99;manual;safe;online;-64;11-06-2026 00:07:47
NJYF1;1;26.50;99;manual;safe;online;-65;11-06-2026 00:09:47
NJYF1;1;26.40;99;manual;safe;online;-65;11-06-2026 00:11:48
NJYF1;1;26.30;99;manual;safe;online;-65;11-06-2026 00:13:48
NJYF1;1;26.30;99;manual;safe;online;-64;11-06-2026 00:15:49
NJYF1;1;26.20;99;manual;safe;online;-65;11-06-2026 00:17:50
NJYF1;1;26.20;99;manual;safe;online;-64;11-06-2026 00:19:50
NJYF1;1;26.20;99;manual;safe;online;-64;11-06-2026 00:21:51
NJYF1;1;26.20;99;manual;safe;online;-64;11-06-2026 00:23:51
NJYF1;1;26.20;99;manual;safe;online;-64;11-06-2026 00:25:52
NJYF1;1;26.10;99;manual;safe;online;-64;11-06-2026 00:27:52
NJYF1;1;26.20;99;manual;safe;online;-64;11-06-2026 00:29:53
NJYF1;1;26.20;99;manual;safe;online;-65;11-06-2026 00:31:54
NJYF1;1;26.20;99;manual;safe;online;-64;11-06-2026 00:33:54
NJYF1;1;26.10;99;manual;safe;online;-65;11-06-2026 00:35:55
NJYF1;1;26.00;99;manual;safe;online;-65;11-06-2026 00:37:55
NJYF1;1;26.00;99;manual;safe;online;-65;11-06-2026 00:39:56
NJYF1;1;26.00;99;manual;safe;online;-64;11-06-2026 00:41:57
NJYF1;1;26.00;99;manual;safe;online;-64;11-06-2026 00:43:57
NJYF1;1;26.00;99;manual;safe;online;-64;11-06-2026 00:45:58
NJYF1;1;26.00;99;manual;safe;online;-64;11-06-2026 00:47:58
NJYF1;1;26.00;99;manual;safe;online;-65;11-06-2026 00:49:59
NJYF1;1;26.00;99;manual;safe;online;-65;11-06-2026 00:51:59
NJYF1;1;26.10;99;manual;safe;online;-64;11-06-2026 00:54:00
NJYF1;1;26.20;99;manual;safe;online;-64;11-06-2026 00:56:01
NJYF1;1;26.20;99;manual;safe;online;-65;11-06-2026 00:58:01
NJYF1;1;26.20;99;manual;safe;online;-65;11-06-2026 01:00:02
NJYF1;1;26.20;99;manual;safe;online;-64;11-06-2026 01:02:02
NJYF1;1;26.30;99;manual;safe;online;-65;11-06-2026 01:04:03
NJYF1;1;26.20;99;manual;safe;online;-65;11-06-2026 01:06:04
NJYF1;1;26.20;99;manual;safe;online;-65;11-06-2026 01:08:04
NJYF1;1;26.10;99;manual;safe;online;-64;11-06-2026 01:10:05
NJYF1;1;26.10;99;manual;safe;online;-65;11-06-2026 01:12:05
NJYF1;1;26.00;99;manual;safe;online;-65;11-06-2026 01:14:06
NJYF1;1;26.00;99;manual;safe;online;-64;11-06-2026 01:16:07
NJYF1;1;26.00;99;manual;safe;online;-65;11-06-2026 01:18:07
NJYF1;1;26.00;99;manual;safe;online;-66;11-06-2026 01:20:08
NJYF1;1;26.00;99;manual;safe;online;-65;11-06-2026 01:22:08
NJYF1;1;26.00;99;manual;safe;online;-65;11-06-2026 01:24:09
NJYF1;1;26.00;99;manual;safe;online;-66;11-06-2026 01:26:10
NJYF1;1;25.90;99;manual;safe;online;-65;11-06-2026 01:28:10
NJYF1;1;25.80;99;manual;safe;online;-64;11-06-2026 01:30:11
NJYF1;1;25.80;99;manual;safe;online;-65;11-06-2026 01:32:11
NJYF1;1;25.80;99;manual;safe;online;-64;11-06-2026 01:34:11
NJYF1;1;25.80;99;manual;safe;online;-64;11-06-2026 01:36:12
NJYF1;1;25.90;99;manual;safe;online;-66;11-06-2026 01:38:13
NJYF1;1;25.80;99;manual;safe;online;-65;11-06-2026 01:40:13
NJYF1;1;25.80;99;manual;safe;online;-66;11-06-2026 01:42:14
NJYF1;1;25.80;99;manual;safe;online;-65;11-06-2026 01:44:14
NJYF1;1;25.80;99;manual;safe;online;-65;11-06-2026 01:46:15
NJYF1;1;25.70;99;manual;safe;online;-67;11-06-2026 01:48:15
NJYF1;1;25.70;99;manual;safe;online;-65;11-06-2026 01:50:17
NJYF1;1;25.70;99;manual;safe;online;-64;11-06-2026 01:52:18
NJYF1;1;25.70;99;manual;safe;online;-65;11-06-2026 01:54:18
NJYF1;1;25.70;99;manual;safe;online;-66;11-06-2026 01:56:19
NJYF1;1;25.60;99;manual;safe;online;-65;11-06-2026 01:58:19
NJYF1;1;25.60;99;manual;safe;online;-66;11-06-2026 02:00:20
NJYF1;1;25.50;99;manual;safe;online;-65;11-06-2026 02:02:20
NJYF1;1;25.50;99;manual;safe;online;-65;11-06-2026 02:04:21
NJYF1;1;25.40;99;manual;safe;online;-65;11-06-2026 02:06:22
NJYF1;1;25.40;99;manual;safe;online;-65;11-06-2026 02:08:22
NJYF1;1;25.40;99;manual;safe;online;-66;11-06-2026 02:10:23
NJYF1;1;25.30;99;manual;safe;online;-66;11-06-2026 02:12:23
NJYF1;1;25.30;99;manual;safe;online;-66;11-06-2026 02:14:24
NJYF1;1;25.20;99;manual;safe;online;-65;11-06-2026 02:16:25
NJYF1;1;25.20;99;manual;safe;online;-65;11-06-2026 02:18:25
NJYF1;1;25.20;99;manual;safe;online;-65;11-06-2026 02:20:26
NJYF1;1;25.10;99;manual;safe;online;-65;11-06-2026 02:22:26
NJYF1;1;25.10;99;manual;safe;online;-65;11-06-2026 02:24:27
NJYF1;1;25.30;99;manual;safe;online;-65;11-06-2026 02:26:28
NJYF1;1;25.20;99;manual;safe;online;-65;11-06-2026 02:28:28
NJYF1;1;25.20;99;manual;safe;online;-65;11-06-2026 02:30:29
NJYF1;1;25.30;99;manual;safe;online;-65;11-06-2026 02:32:29
NJYF1;1;25.30;99;manual;safe;online;-65;11-06-2026 02:34:30
NJYF1;1;25.30;99;manual;safe;online;-64;11-06-2026 02:36:31
NJYF1;1;25.30;99;manual;safe;online;-66;11-06-2026 02:38:31
NJYF1;1;25.20;99;manual;safe;online;-65;11-06-2026 02:40:32
NJYF1;1;25.30;99;manual;safe;online;-64;11-06-2026 02:42:32
NJYF1;1;25.30;99;manual;safe;online;-65;11-06-2026 02:44:33
NJYF1;1;25.30;99;manual;safe;online;-64;11-06-2026 02:46:34
NJYF1;1;25.30;99;manual;safe;online;-64;11-06-2026 02:48:34
NJYF1;1;25.30;99;manual;safe;online;-64;11-06-2026 02:50:35
NJYF1;1;25.30;99;manual;safe;online;-64;11-06-2026 02:52:35
NJYF1;1;25.30;99;manual;safe;online;-64;11-06-2026 02:54:36
NJYF1;1;25.30;99;manual;safe;online;-65;11-06-2026 02:56:36
NJYF1;1;25.20;99;manual;safe;online;-65;11-06-2026 02:58:37
NJYF1;1;25.20;99;manual;safe;online;-65;11-06-2026 03:00:38
NJYF1;1;25.20;99;manual;safe;online;-65;11-06-2026 03:02:38
NJYF1;1;25.20;99;manual;safe;online;-64;11-06-2026 03:04:39
NJYF1;1;25.20;99;manual;safe;online;-64;11-06-2026 03:06:39
NJYF1;1;25.20;99;manual;safe;online;-65;11-06-2026 03:08:40
NJYF1;1;25.20;99;manual;safe;online;-65;11-06-2026 03:10:41
NJYF1;1;25.10;99;manual;safe;online;-64;11-06-2026 03:12:41
NJYF1;1;25.10;99;manual;safe;online;-64;11-06-2026 03:14:42
NJYF1;1;25.20;99;manual;safe;online;-65;11-06-2026 03:16:42
NJYF1;1;25.20;99;manual;safe;online;-65;11-06-2026 03:18:43
NJYF1;1;25.10;99;manual;safe;online;-65;11-06-2026 03:20:44
NJYF1;1;25.10;99;manual;safe;online;-64;11-06-2026 03:22:44
NJYF1;1;25.20;99;manual;safe;online;-63;11-06-2026 03:24:45
NJYF1;1;25.20;99;manual;safe;online;-63;11-06-2026 03:26:45
NJYF1;1;25.20;99;manual;safe;online;-63;11-06-2026 03:28:46
NJYF1;1;25.20;99;manual;safe;online;-64;11-06-2026 03:30:47
NJYF1;1;25.20;99;manual;safe;online;-64;11-06-2026 03:32:47
NJYF1;1;25.20;99;manual;safe;online;-64;11-06-2026 03:34:48
NJYF1;1;25.20;99;manual;safe;online;-65;11-06-2026 03:36:48
NJYF1;1;25.30;99;manual;safe;online;-65;11-06-2026 03:38:49
NJYF1;1;25.20;99;manual;safe;online;-64;11-06-2026 03:40:50
NJYF1;1;25.20;99;manual;safe;online;-64;11-06-2026 03:42:50
NJYF1;1;25.20;99;manual;safe;online;-65;11-06-2026 03:44:51
NJYF1;1;25.20;99;manual;safe;online;-65;11-06-2026 03:46:51
NJYF1;1;25.10;99;manual;safe;online;-64;11-06-2026 03:48:52
NJYF1;1;25.10;99;manual;safe;online;-65;11-06-2026 03:50:52
NJYF1;1;25.10;99;manual;safe;online;-64;11-06-2026 03:52:53
NJYF1;1;25.10;99;manual;safe;online;-65;11-06-2026 03:54:54
NJYF1;1;25.10;99;manual;safe;online;-64;11-06-2026 03:56:54
NJYF1;1;25.20;99;manual;safe;online;-65;11-06-2026 03:58:55
NJYF1;1;25.20;99;manual;safe;online;-65;11-06-2026 04:00:55
NJYF1;1;25.20;99;manual;safe;online;-65;11-06-2026 04:02:56
NJYF1;1;25.20;99;manual;safe;online;-66;11-06-2026 04:04:57
NJYF1;1;25.20;99;manual;safe;online;-65;11-06-2026 04:06:57
NJYF1;1;25.30;99;manual;safe;online;-65;11-06-2026 04:08:58
NJYF1;1;25.30;99;manual;safe;online;-66;11-06-2026 04:10:58
NJYF1;1;25.30;99;manual;safe;online;-64;11-06-2026 04:12:59
NJYF1;1;25.30;99;manual;safe;online;-65;11-06-2026 04:15:00
NJYF1;1;25.30;99;manual;safe;online;-65;11-06-2026 04:17:00
NJYF1;1;25.30;99;manual;safe;online;-64;11-06-2026 04:19:01
NJYF1;1;25.30;99;manual;safe;online;-65;11-06-2026 04:21:01
NJYF1;1;25.30;99;manual;safe;online;-64;11-06-2026 04:23:02
NJYF1;1;25.30;99;manual;safe;online;-64;11-06-2026 04:25:02
NJYF1;1;25.30;99;manual;safe;online;-65;11-06-2026 04:27:03
NJYF1;1;25.30;99;manual;safe;online;-65;11-06-2026 04:29:04
NJYF1;1;25.30;99;manual;safe;online;-64;11-06-2026 04:31:04
NJYF1;1;25.30;99;manual;safe;online;-65;11-06-2026 04:33:05
NJYF1;1;25.30;99;manual;safe;online;-65;11-06-2026 04:35:05
NJYF1;1;25.20;99;manual;safe;online;-65;11-06-2026 04:37:06
NJYF1;1;25.10;99;manual;safe;online;-65;11-06-2026 04:39:07
NJYF1;1;25.10;99;manual;safe;online;-65;11-06-2026 04:41:07
NJYF1;1;25.10;99;manual;safe;online;-66;11-06-2026 04:43:08
NJYF1;1;25.10;99;manual;safe;online;-65;11-06-2026 04:45:08
NJYF1;1;25.10;99;manual;safe;online;-65;11-06-2026 04:47:09
NJYF1;1;25.10;99;manual;safe;online;-65;11-06-2026 04:49:09
NJYF1;1;25.10;99;manual;safe;online;-64;11-06-2026 04:51:10
NJYF1;1;25.00;99;manual;safe;online;-65;11-06-2026 04:53:11
NJYF1;1;25.00;99;manual;safe;online;-64;11-06-2026 04:55:11
NJYF1;1;25.10;99;manual;safe;online;-65;11-06-2026 04:57:12
NJYF1;1;25.10;99;manual;safe;online;-65;11-06-2026 04:59:12
NJYF1;1;25.10;99;manual;safe;online;-66;11-06-2026 05:01:13
NJYF1;1;25.10;99;manual;safe;online;-65;11-06-2026 05:03:14
NJYF1;1;25.10;99;manual;safe;online;-65;11-06-2026 05:05:14
NJYF1;1;25.10;99;manual;safe;online;-64;11-06-2026 05:07:15
NJYF1;1;25.10;99;manual;safe;online;-64;11-06-2026 05:09:16
NJYF1;1;25.00;99;manual;safe;online;-65;11-06-2026 05:11:16
NJYF1;1;25.00;99;manual;safe;online;-64;11-06-2026 05:13:17
NJYF1;1;25.00;99;manual;safe;online;-64;11-06-2026 05:15:17
NJYF1;1;25.00;99;manual;safe;online;-65;11-06-2026 05:17:18
NJYF1;1;25.20;99;manual;safe;online;-64;11-06-2026 05:19:19
NJYF1;1;25.20;99;manual;safe;online;-64;11-06-2026 05:21:20
NJYF1;1;25.20;99;manual;safe;online;-65;11-06-2026 05:23:21
NJYF1;1;25.20;99;manual;safe;online;-65;11-06-2026 05:25:21
NJYF1;1;25.20;99;manual;safe;online;-64;11-06-2026 05:27:22
NJYF1;1;25.20;99;manual;safe;online;-64;11-06-2026 05:29:23
NJYF1;1;25.00;99;manual;safe;online;-64;11-06-2026 05:31:23
NJYF1;1;25.00;99;manual;safe;online;-65;11-06-2026 05:33:24
NJYF1;1;25.10;99;manual;safe;online;-64;11-06-2026 05:35:24
NJYF1;1;25.10;99;manual;safe;online;-64;11-06-2026 05:37:25
NJYF1;1;25.20;99;manual;safe;online;-70;11-06-2026 05:39:26
NJYF1;1;25.30;99;manual;safe;online;-64;11-06-2026 05:41:26
NJYF1;1;25.10;99;manual;safe;online;-66;11-06-2026 05:43:27
NJYF1;1;25.10;99;manual;safe;online;-66;11-06-2026 05:45:27
NJYF1;1;25.00;99;manual;safe;online;-66;11-06-2026 05:47:28
NJYF1;1;25.00;99;manual;safe;online;-66;11-06-2026 05:49:29
NJYF1;1;24.90;99;manual;safe;online;-67;11-06-2026 05:51:29
NJYF1;1;24.90;99;manual;safe;online;-65;11-06-2026 05:53:30
NJYF1;1;24.90;99;manual;safe;online;-65;11-06-2026 05:55:30
NJYF1;1;25.00;99;manual;safe;online;-65;11-06-2026 05:57:31
NJYF1;1;25.00;99;manual;safe;online;-66;11-06-2026 05:59:31
