id;codename;codenumber;temperature;limit_low_temp;limit_high_temp;setpoint;power;mode;power_status;status;rssi;esp_millis;created_at
19925;NJYF1;1;27.20;32.00;35.00;33.50;99;manual;safe;online;-66;120244543;2026-07-19 17:01:13+00
19926;NJYF1;1;27.30;32.00;35.00;33.50;99;manual;safe;online;-66;120365123;2026-07-19 17:03:13+00
19927;NJYF1;1;27.20;32.00;35.00;33.50;99;manual;safe;online;-66;120485704;2026-07-19 17:05:14+00
19928;NJYF1;1;27.20;32.00;35.00;33.50;99;manual;safe;online;-65;120606295;2026-07-19 17:07:15+00
19929;NJYF1;1;27.20;32.00;35.00;33.50;99;manual;safe;online;-65;120726872;2026-07-19 17:09:15+00
19930;NJYF1;1;27.20;32.00;35.00;33.50;99;manual;safe;online;-65;120847454;2026-07-19 17:11:16+00
19931;NJYF1;1;27.20;32.00;35.00;33.50;99;manual;safe;online;-66;120968052;2026-07-19 17:13:16+00
19932;NJYF1;1;27.20;32.00;35.00;33.50;99;manual;safe;online;-66;121088630;2026-07-19 17:15:17+00
19933;NJYF1;1;27.20;32.00;35.00;33.50;99;manual;safe;online;-66;121209218;2026-07-19 17:17:17+00
19934;NJYF1;1;27.10;32.00;35.00;33.50;99;manual;safe;online;-65;121329815;2026-07-19 17:19:18+00
19935;NJYF1;1;27.20;32.00;35.00;33.50;99;manual;safe;online;-65;121450412;2026-07-19 17:21:18+00
19936;NJYF1;1;27.10;32.00;35.00;33.50;99;manual;safe;online;-65;121571000;2026-07-19 17:23:19+00
19937;NJYF1;1;27.20;32.00;35.00;33.50;99;manual;safe;online;-65;121691598;2026-07-19 17:25:20+00
19938;NJYF1;1;27.20;32.00;35.00;33.50;99;manual;safe;online;-65;121812177;2026-07-19 17:27:20+00
19939;NJYF1;1;27.20;32.00;35.00;33.50;99;manual;safe;online;-65;121932742;2026-07-19 17:29:21+00
19940;NJYF1;1;27.10;32.00;35.00;33.50;99;manual;safe;online;-66;122053342;2026-07-19 17:31:21+00
19941;NJYF1;1;27.10;32.00;35.00;33.50;99;manual;safe;online;-66;122173932;2026-07-19 17:33:22+00
19942;NJYF1;1;27.10;32.00;35.00;33.50;99;manual;safe;online;-65;122294512;2026-07-19 17:35:23+00
19943;NJYF1;1;27.10;32.00;35.00;33.50;99;manual;safe;online;-64;122415104;2026-07-19 17:37:23+00
19944;NJYF1;1;27.10;32.00;35.00;33.50;99;manual;safe;online;-65;122535679;2026-07-19 17:39:24+00
19945;NJYF1;1;27.10;32.00;35.00;33.50;99;manual;safe;online;-65;122656261;2026-07-19 17:41:24+00
19946;NJYF1;1;27.10;32.00;35.00;33.50;99;manual;safe;online;-66;122776853;2026-07-19 17:43:25+00
19947;NJYF1;1;27.10;32.00;35.00;33.50;99;manual;safe;online;-65;122897437;2026-07-19 17:45:25+00
19948;NJYF1;1;27.00;32.00;35.00;33.50;99;manual;safe;online;-67;123018032;2026-07-19 17:47:26+00
19949;NJYF1;1;27.00;32.00;35.00;33.50;99;manual;safe;online;-66;123138620;2026-07-19 17:49:27+00
19950;NJYF1;1;27.00;32.00;35.00;33.50;99;manual;safe;online;-66;123259206;2026-07-19 17:51:27+00
19951;NJYF1;1;27.00;32.00;35.00;33.50;99;manual;safe;online;-67;123379794;2026-07-19 17:53:28+00
19952;NJYF1;1;27.00;32.00;35.00;33.50;99;manual;safe;online;-66;123500381;2026-07-19 17:55:28+00
19953;NJYF1;1;27.00;32.00;35.00;33.50;99;manual;safe;online;-66;123620971;2026-07-19 17:57:29+00
19954;NJYF1;1;27.10;32.00;35.00;33.50;99;manual;safe;online;-66;123741555;2026-07-19 17:59:30+00
19955;NJYF1;1;27.00;32.00;35.00;33.50;99;manual;safe;online;-67;123862137;2026-07-19 18:01:30+00
19956;NJYF1;1;27.00;32.00;35.00;33.50;99;manual;safe;online;-66;123982716;2026-07-19 18:03:31+00
19957;NJYF1;1;27.00;32.00;35.00;33.50;99;manual;safe;online;-66;124103302;2026-07-19 18:05:31+00
19958;NJYF1;1;27.00;32.00;35.00;33.50;99;manual;safe;online;-66;124223883;2026-07-19 18:07:32+00
19959;NJYF1;1;27.00;32.00;35.00;33.50;99;manual;safe;online;-67;124344465;2026-07-19 18:09:32+00
19960;NJYF1;1;27.00;32.00;35.00;33.50;99;manual;safe;online;-66;124465042;2026-07-19 18:11:33+00
19961;NJYF1;1;26.90;32.00;35.00;33.50;99;manual;safe;online;-65;124585643;2026-07-19 18:13:34+00
19962;NJYF1;1;26.90;32.00;35.00;33.50;99;manual;safe;online;-66;124706236;2026-07-19 18:15:34+00
19963;NJYF1;1;26.90;32.00;35.00;33.50;99;manual;safe;online;-65;124826821;2026-07-19 18:17:35+00
19964;NJYF1;1;26.90;32.00;35.00;33.50;99;manual;safe;online;-65;124947410;2026-07-19 18:19:35+00
19965;NJYF1;1;27.00;32.00;35.00;33.50;99;manual;safe;online;-65;125067987;2026-07-19 18:21:36+00
19966;NJYF1;1;27.00;32.00;35.00;33.50;99;manual;safe;online;-65;125188562;2026-07-19 18:23:37+00
19967;NJYF1;1;26.90;32.00;35.00;33.50;99;manual;safe;online;-66;125309145;2026-07-19 18:25:37+00
19968;NJYF1;1;26.90;32.00;35.00;33.50;99;manual;safe;online;-64;125430738;2026-07-19 18:27:39+00
19969;NJYF1;1;26.90;32.00;35.00;33.50;99;manual;safe;online;-66;125551314;2026-07-19 18:29:39+00
19970;NJYF1;1;26.90;32.00;35.00;33.50;99;manual;safe;online;-65;125671894;2026-07-19 18:31:40+00
19971;NJYF1;1;26.90;32.00;35.00;33.50;99;manual;safe;online;-67;125792494;2026-07-19 18:33:41+00
19972;NJYF1;1;27.00;32.00;35.00;33.50;99;manual;safe;online;-66;125913068;2026-07-19 18:35:41+00
19973;NJYF1;1;27.00;32.00;35.00;33.50;99;manual;safe;online;-65;126033651;2026-07-19 18:37:42+00
19974;NJYF1;1;27.10;32.00;35.00;33.50;99;manual;safe;online;-68;126154243;2026-07-19 18:39:42+00
19975;NJYF1;1;27.10;32.00;35.00;33.50;99;manual;safe;online;-67;126274832;2026-07-19 18:41:43+00
19976;NJYF1;1;27.20;32.00;35.00;33.50;99;manual;safe;online;-67;126395407;2026-07-19 18:43:43+00
19977;NJYF1;1;27.10;32.00;35.00;33.50;99;manual;safe;online;-67;126515989;2026-07-19 18:45:44+00
19978;NJYF1;1;27.10;32.00;35.00;33.50;99;manual;safe;online;-67;126636577;2026-07-19 18:47:45+00
19979;NJYF1;1;27.20;32.00;35.00;33.50;99;manual;safe;online;-67;126757166;2026-07-19 18:49:45+00
19980;NJYF1;1;27.20;32.00;35.00;33.50;99;manual;safe;online;-64;126877762;2026-07-19 18:51:46+00
19981;NJYF1;1;27.10;32.00;35.00;33.50;99;manual;safe;online;-67;126998347;2026-07-19 18:53:46+00
19982;NJYF1;1;27.10;32.00;35.00;33.50;99;manual;safe;online;-65;127118941;2026-07-19 18:55:47+00
19983;NJYF1;1;27.10;32.00;35.00;33.50;99;manual;safe;online;-64;127240536;2026-07-19 18:57:49+00
19984;NJYF1;1;27.10;32.00;35.00;33.50;99;manual;safe;online;-66;127361121;2026-07-19 18:59:49+00
19985;NJYF1;1;27.00;32.00;35.00;33.50;99;manual;safe;online;-67;127481705;2026-07-19 19:01:50+00
19986;NJYF1;1;26.90;32.00;35.00;33.50;99;manual;safe;online;-67;127602309;2026-07-19 19:03:50+00
19987;NJYF1;1;27.00;32.00;35.00;33.50;99;manual;safe;online;-66;127722906;2026-07-19 19:05:51+00
19988;NJYF1;1;26.90;32.00;35.00;33.50;99;manual;safe;online;-66;127843495;2026-07-19 19:07:52+00
19989;NJYF1;1;26.80;32.00;35.00;33.50;99;manual;safe;online;-66;127964082;2026-07-19 19:09:52+00
19990;NJYF1;1;26.80;32.00;35.00;33.50;99;manual;safe;online;-66;128084669;2026-07-19 19:11:53+00
19991;NJYF1;1;26.90;32.00;35.00;33.50;99;manual;safe;online;-65;128205259;2026-07-19 19:13:53+00
19992;NJYF1;1;26.90;32.00;35.00;33.50;99;manual;safe;online;-66;128325831;2026-07-19 19:15:54+00
19993;NJYF1;1;27.00;32.00;35.00;33.50;99;manual;safe;online;-67;128446411;2026-07-19 19:17:54+00
19994;NJYF1;1;26.90;32.00;35.00;33.50;99;manual;safe;online;-66;128567011;2026-07-19 19:19:55+00
19995;NJYF1;1;26.90;32.00;35.00;33.50;99;manual;safe;online;-66;128687603;2026-07-19 19:21:56+00
19996;NJYF1;1;26.90;32.00;35.00;33.50;99;manual;safe;online;-66;128808194;2026-07-19 19:23:56+00
19997;NJYF1;1;26.90;32.00;35.00;33.50;99;manual;safe;online;-66;128928777;2026-07-19 19:25:57+00
19998;NJYF1;1;26.90;32.00;35.00;33.50;99;manual;safe;online;-67;129049365;2026-07-19 19:27:57+00
19999;NJYF1;1;26.90;32.00;35.00;33.50;99;manual;safe;online;-66;129169961;2026-07-19 19:29:58+00
20000;NJYF1;1;27.00;32.00;35.00;33.50;99;manual;safe;online;-64;129290551;2026-07-19 19:31:59+00
20001;NJYF1;1;27.00;32.00;35.00;33.50;99;manual;safe;online;-65;129411130;2026-07-19 19:33:59+00
20002;NJYF1;1;27.00;32.00;35.00;33.50;99;manual;safe;online;-66;129531728;2026-07-19 19:36:00+00
20003;NJYF1;1;26.90;32.00;35.00;33.50;99;manual;safe;online;-65;129652328;2026-07-19 19:38:00+00
20004;NJYF1;1;27.00;32.00;35.00;33.50;99;manual;safe;online;-66;129772915;2026-07-19 19:40:01+00
20005;NJYF1;1;27.00;32.00;35.00;33.50;99;manual;safe;online;-66;129893508;2026-07-19 19:42:02+00
20006;NJYF1;1;27.00;32.00;35.00;33.50;99;manual;safe;online;-66;130014092;2026-07-19 19:44:02+00
20007;NJYF1;1;27.00;32.00;35.00;33.50;99;manual;safe;online;-66;130134695;2026-07-19 19:46:03+00
20008;NJYF1;1;27.00;32.00;35.00;33.50;99;manual;safe;online;-66;130255294;2026-07-19 19:48:03+00
20009;NJYF1;1;27.00;32.00;35.00;33.50;99;manual;safe;online;-66;130375876;2026-07-19 19:50:04+00
20010;NJYF1;1;27.00;32.00;35.00;33.50;99;manual;safe;online;-66;130496461;2026-07-19 19:52:04+00
20011;NJYF1;1;27.00;32.00;35.00;33.50;99;manual;safe;online;-66;130617041;2026-07-19 19:54:05+00
20012;NJYF1;1;27.00;32.00;35.00;33.50;99;manual;safe;online;-66;130737642;2026-07-19 19:56:06+00
20013;NJYF1;1;26.90;32.00;35.00;33.50;99;manual;safe;online;-66;130858225;2026-07-19 19:58:06+00
20014;NJYF1;1;26.90;32.00;35.00;33.50;99;manual;safe;online;-65;130978831;2026-07-19 20:00:07+00
20015;NJYF1;1;27.00;32.00;35.00;33.50;99;manual;safe;online;-65;131099421;2026-07-19 20:02:07+00
20016;NJYF1;1;27.00;32.00;35.00;33.50;99;manual;safe;online;-66;131220008;2026-07-19 20:04:08+00
20017;NJYF1;1;27.00;32.00;35.00;33.50;99;manual;safe;online;-66;131340617;2026-07-19 20:06:09+00
20018;NJYF1;1;26.90;32.00;35.00;33.50;99;manual;safe;online;-65;131461198;2026-07-19 20:08:09+00
20019;NJYF1;1;26.90;32.00;35.00;33.50;99;manual;safe;online;-66;131581788;2026-07-19 20:10:10+00
20020;NJYF1;1;26.80;32.00;35.00;33.50;99;manual;safe;online;-65;131702381;2026-07-19 20:12:10+00
20021;NJYF1;1;26.80;32.00;35.00;33.50;99;manual;safe;online;-65;131822973;2026-07-19 20:14:11+00
20022;NJYF1;1;26.80;32.00;35.00;33.50;99;manual;safe;online;-65;131943558;2026-07-19 20:16:12+00
20023;NJYF1;1;26.80;32.00;35.00;33.50;99;manual;safe;online;-67;132064155;2026-07-19 20:18:12+00
20024;NJYF1;1;26.90;32.00;35.00;33.50;99;manual;safe;online;-65;132184760;2026-07-19 20:20:12+00
20025;NJYF1;1;26.80;32.00;35.00;33.50;99;manual;safe;online;-65;132305359;2026-07-19 20:22:13+00
20026;NJYF1;1;26.80;32.00;35.00;33.50;99;manual;safe;online;-65;132425953;2026-07-19 20:24:14+00
20027;NJYF1;1;26.80;32.00;35.00;33.50;99;manual;safe;online;-66;132546540;2026-07-19 20:26:14+00
20028;NJYF1;1;26.70;32.00;35.00;33.50;99;manual;safe;online;-65;132667146;2026-07-19 20:28:15+00
20029;NJYF1;1;26.70;32.00;35.00;33.50;99;manual;safe;online;-66;132787739;2026-07-19 20:30:15+00
20030;NJYF1;1;26.70;32.00;35.00;33.50;99;manual;safe;online;-64;132908330;2026-07-19 20:32:16+00
20031;NJYF1;1;26.70;32.00;35.00;33.50;99;manual;safe;online;-65;133028929;2026-07-19 20:34:17+00
20032;NJYF1;1;26.70;32.00;35.00;33.50;99;manual;safe;online;-65;133149520;2026-07-19 20:36:17+00
20033;NJYF1;1;26.70;32.00;35.00;33.50;99;manual;safe;online;-65;133270106;2026-07-19 20:38:18+00
20034;NJYF1;1;26.60;32.00;35.00;33.50;99;manual;safe;online;-65;133390692;2026-07-19 20:40:18+00
20035;NJYF1;1;26.60;32.00;35.00;33.50;99;manual;safe;online;-65;133511276;2026-07-19 20:42:19+00
20036;NJYF1;1;26.60;32.00;35.00;33.50;99;manual;safe;online;-66;133631878;2026-07-19 20:44:20+00
20037;NJYF1;1;26.60;32.00;35.00;33.50;99;manual;safe;online;-65;133752467;2026-07-19 20:46:20+00
20038;NJYF1;1;26.50;32.00;35.00;33.50;99;manual;safe;online;-66;133873061;2026-07-19 20:48:21+00
20039;NJYF1;1;26.60;32.00;35.00;33.50;99;manual;safe;online;-65;133993646;2026-07-19 20:50:21+00
20040;NJYF1;1;26.60;32.00;35.00;33.50;99;manual;safe;online;-65;134114262;2026-07-19 20:52:22+00
20041;NJYF1;1;26.70;32.00;35.00;33.50;99;manual;safe;online;-65;134234844;2026-07-19 20:54:23+00
20042;NJYF1;1;26.60;32.00;35.00;33.50;99;manual;safe;online;-65;134355428;2026-07-19 20:56:23+00
20043;NJYF1;1;26.70;32.00;35.00;33.50;99;manual;safe;online;-65;134476019;2026-07-19 20:58:24+00
20044;NJYF1;1;26.70;32.00;35.00;33.50;99;manual;safe;online;-64;134596599;2026-07-19 21:00:24+00
20045;NJYF1;1;26.70;32.00;35.00;33.50;99;manual;safe;online;-65;134717181;2026-07-19 21:02:25+00
20046;NJYF1;1;26.60;32.00;35.00;33.50;99;manual;safe;online;-65;134837785;2026-07-19 21:04:26+00
20047;NJYF1;1;26.70;32.00;35.00;33.50;99;manual;safe;online;-65;134958384;2026-07-19 21:06:26+00
20048;NJYF1;1;26.70;32.00;35.00;33.50;99;manual;safe;online;-65;135078970;2026-07-19 21:08:27+00
20049;NJYF1;1;26.60;32.00;35.00;33.50;99;manual;safe;online;-65;135199561;2026-07-19 21:10:27+00
20050;NJYF1;1;26.60;32.00;35.00;33.50;99;manual;safe;online;-64;135320143;2026-07-19 21:12:28+00
20051;NJYF1;1;26.50;32.00;35.00;33.50;99;manual;safe;online;-65;135440736;2026-07-19 21:14:28+00
20052;NJYF1;1;26.50;32.00;35.00;33.50;99;manual;safe;online;-66;135561312;2026-07-19 21:16:29+00
20053;NJYF1;1;26.50;32.00;35.00;33.50;99;manual;safe;online;-66;135681910;2026-07-19 21:18:30+00
20054;NJYF1;1;26.50;32.00;35.00;33.50;99;manual;safe;online;-65;135802511;2026-07-19 21:20:30+00
20055;NJYF1;1;26.50;32.00;35.00;33.50;99;manual;safe;online;-65;135923110;2026-07-19 21:22:31+00
20056;NJYF1;1;26.50;32.00;35.00;33.50;99;manual;safe;online;-65;136043687;2026-07-19 21:24:31+00
20057;NJYF1;1;26.50;32.00;35.00;33.50;99;manual;safe;online;-66;136164269;2026-07-19 21:26:32+00
20058;NJYF1;1;26.50;32.00;35.00;33.50;99;manual;safe;online;-66;136284851;2026-07-19 21:28:33+00
20059;NJYF1;1;26.50;32.00;35.00;33.50;99;manual;safe;online;-66;136405449;2026-07-19 21:30:33+00
20060;NJYF1;1;26.50;32.00;35.00;33.50;99;manual;safe;online;-66;136526025;2026-07-19 21:32:34+00
20061;NJYF1;1;26.60;32.00;35.00;33.50;99;manual;safe;online;-65;136646615;2026-07-19 21:34:34+00
20062;NJYF1;1;26.50;32.00;35.00;33.50;99;manual;safe;online;-65;136767191;2026-07-19 21:36:35+00
20063;NJYF1;1;26.50;32.00;35.00;33.50;99;manual;safe;online;-65;136887792;2026-07-19 21:38:36+00
20064;NJYF1;1;26.50;32.00;35.00;33.50;99;manual;safe;online;-66;137008365;2026-07-19 21:40:36+00
20065;NJYF1;1;26.60;32.00;35.00;33.50;99;manual;safe;online;-66;137128941;2026-07-19 21:42:37+00
20066;NJYF1;1;26.60;32.00;35.00;33.50;99;manual;safe;online;-66;137249524;2026-07-19 21:44:37+00
20067;NJYF1;1;26.50;32.00;35.00;33.50;99;manual;safe;online;-65;137370107;2026-07-19 21:46:38+00
20068;NJYF1;1;26.50;32.00;35.00;33.50;99;manual;safe;online;-65;137490683;2026-07-19 21:48:38+00
20069;NJYF1;1;26.50;32.00;35.00;33.50;99;manual;safe;online;-66;137611275;2026-07-19 21:50:39+00
20070;NJYF1;1;26.60;32.00;35.00;33.50;99;manual;safe;online;-66;137731879;2026-07-19 21:52:40+00
20071;NJYF1;1;26.70;32.00;35.00;33.50;99;manual;safe;online;-65;137852481;2026-07-19 21:54:40+00
20072;NJYF1;1;26.70;32.00;35.00;33.50;99;manual;safe;online;-65;137973074;2026-07-19 21:56:41+00
20073;NJYF1;1;26.80;32.00;35.00;33.50;99;manual;safe;online;-65;138093658;2026-07-19 21:58:41+00
20074;NJYF1;1;26.80;32.00;35.00;33.50;99;manual;safe;online;-65;138214248;2026-07-19 22:00:42+00
20075;NJYF1;1;26.80;32.00;35.00;33.50;99;manual;safe;online;-65;138334834;2026-07-19 22:02:43+00
20076;NJYF1;1;26.70;32.00;35.00;33.50;99;manual;safe;online;-65;138455408;2026-07-19 22:04:43+00
20077;NJYF1;1;26.80;32.00;35.00;33.50;99;manual;safe;online;-65;138576001;2026-07-19 22:06:44+00
20078;NJYF1;1;26.70;32.00;35.00;33.50;99;manual;safe;online;-66;138696589;2026-07-19 22:08:44+00
20079;NJYF1;1;26.70;32.00;35.00;33.50;99;manual;safe;online;-66;138818176;2026-07-19 22:10:46+00
20080;NJYF1;1;26.70;32.00;35.00;33.50;99;manual;safe;online;-66;138938764;2026-07-19 22:12:46+00
20081;NJYF1;1;26.70;32.00;35.00;33.50;99;manual;safe;online;-65;139059343;2026-07-19 22:14:47+00
20082;NJYF1;1;26.70;32.00;35.00;33.50;99;manual;safe;online;-65;139179955;2026-07-19 22:16:48+00
20083;NJYF1;1;26.60;32.00;35.00;33.50;99;manual;safe;online;-65;139300545;2026-07-19 22:18:48+00
20084;NJYF1;1;26.70;32.00;35.00;33.50;99;manual;safe;online;-65;139421130;2026-07-19 22:20:49+00
20085;NJYF1;1;26.70;32.00;35.00;33.50;99;manual;safe;online;-66;139541708;2026-07-19 22:22:49+00
20086;NJYF1;1;26.70;32.00;35.00;33.50;99;manual;safe;online;-65;139662294;2026-07-19 22:24:50+00
20087;NJYF1;1;26.80;32.00;35.00;33.50;99;manual;safe;online;-65;139782893;2026-07-19 22:26:51+00
20088;NJYF1;1;26.90;32.00;35.00;33.50;99;manual;safe;online;-66;139903484;2026-07-19 22:28:51+00
20089;NJYF1;1;26.90;32.00;35.00;33.50;99;manual;safe;online;-66;140024099;2026-07-19 22:30:52+00
20090;NJYF1;1;26.90;32.00;35.00;33.50;99;manual;safe;online;-67;140144706;2026-07-19 22:32:52+00
20091;NJYF1;1;26.90;32.00;35.00;33.50;99;manual;safe;online;-65;140265299;2026-07-19 22:34:53+00
20092;NJYF1;1;27.00;32.00;35.00;33.50;99;manual;safe;online;-64;140386908;2026-07-19 22:36:55+00
20093;NJYF1;1;27.20;32.00;35.00;33.50;99;manual;safe;online;-64;140507513;2026-07-19 22:38:55+00
20094;NJYF1;1;27.20;32.00;35.00;33.50;99;manual;safe;online;-68;140628105;2026-07-19 22:40:56+00
20095;NJYF1;1;27.20;32.00;35.00;33.50;99;manual;safe;online;-67;140748712;2026-07-19 22:42:56+00
20096;NJYF1;1;27.30;32.00;35.00;33.50;99;manual;safe;online;-65;140869313;2026-07-19 22:44:57+00
20097;NJYF1;1;27.30;32.00;35.00;33.50;99;manual;safe;online;-66;140989896;2026-07-19 22:46:58+00
20098;NJYF1;1;27.20;32.00;35.00;33.50;99;manual;safe;online;-66;141110486;2026-07-19 22:48:58+00
20099;NJYF1;1;27.20;32.00;35.00;33.50;99;manual;safe;online;-66;141231093;2026-07-19 22:50:59+00
20100;NJYF1;1;27.20;32.00;35.00;33.50;99;manual;safe;online;-70;141351674;2026-07-19 22:52:59+00
20101;NJYF1;1;27.20;32.00;35.00;33.50;99;manual;safe;online;-66;141472268;2026-07-19 22:55:00+00
20102;NJYF1;1;27.20;32.00;35.00;33.50;99;manual;safe;online;-66;141592866;2026-07-19 22:57:01+00
20103;NJYF1;1;27.20;32.00;35.00;33.50;99;manual;safe;online;-66;141713463;2026-07-19 22:59:01+00
20104;NJYF1;1;27.10;32.00;35.00;33.50;99;manual;safe;online;-65;141834050;2026-07-19 23:01:02+00
20105;NJYF1;1;27.10;32.00;35.00;33.50;99;manual;safe;online;-65;141954629;2026-07-19 23:03:02+00
20106;NJYF1;1;27.10;32.00;35.00;33.50;99;manual;safe;online;-65;142075218;2026-07-19 23:05:03+00
20107;NJYF1;1;27.10;32.00;35.00;33.50;99;manual;safe;online;-65;142195790;2026-07-19 23:07:04+00
20108;NJYF1;1;27.10;32.00;35.00;33.50;99;manual;safe;online;-66;142316383;2026-07-19 23:09:04+00
20109;NJYF1;1;27.10;32.00;35.00;33.50;99;manual;safe;online;-65;142436975;2026-07-19 23:11:05+00
20110;NJYF1;1;27.10;32.00;35.00;33.50;99;manual;safe;online;-65;142557561;2026-07-19 23:13:05+00
20111;NJYF1;1;27.10;32.00;35.00;33.50;99;manual;safe;online;-66;142678137;2026-07-19 23:15:06+00
20112;NJYF1;1;27.10;32.00;35.00;33.50;99;manual;safe;online;-65;142798723;2026-07-19 23:17:06+00
20113;NJYF1;1;27.20;32.00;35.00;33.50;99;manual;safe;online;-65;142919302;2026-07-19 23:19:07+00
20114;NJYF1;1;27.20;32.00;35.00;33.50;99;manual;safe;online;-67;143039878;2026-07-19 23:21:07+00
20115;NJYF1;1;27.20;32.00;35.00;33.50;99;manual;safe;online;-67;143160471;2026-07-19 23:23:08+00
20116;NJYF1;1;27.20;32.00;35.00;33.50;99;manual;safe;online;-69;143281050;2026-07-19 23:25:08+00
20117;NJYF1;1;27.30;32.00;35.00;33.50;99;manual;safe;online;-67;143401629;2026-07-19 23:27:09+00
20118;NJYF1;1;27.30;32.00;35.00;33.50;99;manual;safe;online;-66;143522222;2026-07-19 23:29:10+00
20119;NJYF1;1;27.30;32.00;35.00;33.50;99;manual;safe;online;-67;143642807;2026-07-19 23:31:10+00
20120;NJYF1;1;27.40;32.00;35.00;33.50;99;manual;safe;online;-70;143763402;2026-07-19 23:33:11+00
20121;NJYF1;1;27.40;32.00;35.00;33.50;99;manual;safe;online;-69;143883980;2026-07-19 23:35:11+00
20122;NJYF1;1;27.40;32.00;35.00;33.50;99;manual;safe;online;-71;144004552;2026-07-19 23:37:12+00
20123;NJYF1;1;27.40;32.00;35.00;33.50;99;manual;safe;online;-70;144125141;2026-07-19 23:39:13+00
20124;NJYF1;1;27.40;32.00;35.00;33.50;99;manual;safe;online;-69;144245736;2026-07-19 23:41:13+00
20125;NJYF1;1;27.50;32.00;35.00;33.50;99;manual;safe;online;-70;144366316;2026-07-19 23:43:14+00
20126;NJYF1;1;27.50;32.00;35.00;33.50;99;manual;safe;online;-71;144486920;2026-07-19 23:45:14+00
20127;NJYF1;1;27.60;32.00;35.00;33.50;99;manual;safe;online;-72;144607511;2026-07-19 23:47:15+00
20128;NJYF1;1;27.60;32.00;35.00;33.50;99;manual;safe;online;-72;144728102;2026-07-19 23:49:15+00
20129;NJYF1;1;27.70;32.00;35.00;33.50;99;manual;safe;online;-72;144848681;2026-07-19 23:51:16+00
20130;NJYF1;1;27.80;32.00;35.00;33.50;99;manual;safe;online;-75;144969260;2026-07-19 23:53:17+00
20131;NJYF1;1;27.90;32.00;35.00;33.50;99;manual;safe;online;-71;145089850;2026-07-19 23:55:17+00
20132;NJYF1;1;28.00;32.00;35.00;33.50;99;manual;safe;online;-75;145210442;2026-07-19 23:57:18+00
20133;NJYF1;1;28.00;32.00;35.00;33.50;99;manual;safe;online;-74;145331027;2026-07-19 23:59:18+00
20134;NJYF1;1;28.00;32.00;35.00;33.50;99;manual;safe;online;-74;145451617;2026-07-20 00:01:19+00
20135;NJYF1;1;28.00;32.00;35.00;33.50;99;manual;safe;online;-75;145572192;2026-07-20 00:03:20+00
20136;NJYF1;1;28.00;32.00;35.00;33.50;99;manual;safe;online;-71;145692772;2026-07-20 00:05:20+00
20137;NJYF1;1;28.10;32.00;35.00;33.50;99;manual;safe;online;-72;145813350;2026-07-20 00:07:21+00
20138;NJYF1;1;28.10;32.00;35.00;33.50;99;manual;safe;online;-71;145933929;2026-07-20 00:09:21+00
20139;NJYF1;1;28.00;32.00;35.00;33.50;99;manual;safe;online;-71;146054510;2026-07-20 00:11:22+00
20140;NJYF1;1;28.00;32.00;35.00;33.50;99;manual;safe;online;-71;146175092;2026-07-20 00:13:22+00
20141;NJYF1;1;27.90;32.00;35.00;33.50;99;manual;safe;online;-72;146295701;2026-07-20 00:15:23+00
20142;NJYF1;1;27.90;32.00;35.00;33.50;99;manual;safe;online;-71;146416289;2026-07-20 00:17:24+00
20143;NJYF1;1;27.90;32.00;35.00;33.50;99;manual;safe;online;-72;146536881;2026-07-20 00:19:24+00
20144;NJYF1;1;28.00;32.00;35.00;33.50;99;manual;safe;online;-72;146657459;2026-07-20 00:21:25+00
20145;NJYF1;1;28.00;32.00;35.00;33.50;99;manual;safe;online;-72;146778069;2026-07-20 00:23:25+00
20146;NJYF1;1;28.10;32.00;35.00;33.50;99;manual;safe;online;-75;146898649;2026-07-20 00:25:26+00
20147;NJYF1;1;28.20;32.00;35.00;33.50;99;manual;safe;online;-74;147019240;2026-07-20 00:27:27+00
20148;NJYF1;1;28.20;32.00;35.00;33.50;99;manual;safe;online;-72;147139818;2026-07-20 00:29:27+00
20149;NJYF1;1;28.20;32.00;35.00;33.50;99;manual;safe;online;-71;147260401;2026-07-20 00:31:28+00
20150;NJYF1;1;28.30;32.00;35.00;33.50;99;manual;safe;online;-70;147380994;2026-07-20 00:33:28+00
20151;NJYF1;1;28.40;32.00;35.00;33.50;99;manual;safe;online;-71;147501582;2026-07-20 00:35:29+00
20152;NJYF1;1;28.60;32.00;35.00;33.50;99;manual;safe;online;-71;147622159;2026-07-20 00:37:30+00
20153;NJYF1;1;28.80;32.00;35.00;33.50;99;manual;safe;online;-70;147742731;2026-07-20 00:39:30+00
20154;NJYF1;1;29.10;32.00;35.00;33.50;99;manual;safe;online;-69;147863324;2026-07-20 00:41:31+00
20155;NJYF1;1;29.40;32.00;35.00;33.50;99;manual;safe;online;-71;147983891;2026-07-20 00:43:31+00
20156;NJYF1;1;29.60;32.00;35.00;33.50;99;manual;safe;online;-70;148104474;2026-07-20 00:45:32+00
20157;NJYF1;1;29.70;32.00;35.00;33.50;99;manual;safe;online;-71;148225055;2026-07-20 00:47:32+00
20158;NJYF1;1;29.90;32.00;35.00;33.50;99;manual;safe;online;-70;148345634;2026-07-20 00:49:33+00
20159;NJYF1;1;29.90;32.00;35.00;33.50;99;manual;safe;online;-69;148466220;2026-07-20 00:51:34+00
20160;NJYF1;1;30.00;32.00;35.00;33.50;99;manual;safe;online;-73;148586800;2026-07-20 00:53:34+00
20161;NJYF1;1;30.00;32.00;35.00;33.50;99;manual;safe;online;-68;148707394;2026-07-20 00:55:35+00
20162;NJYF1;1;30.00;32.00;35.00;33.50;99;manual;safe;online;-69;148827974;2026-07-20 00:57:35+00
20163;NJYF1;1;30.10;32.00;35.00;33.50;99;manual;safe;online;-71;148948555;2026-07-20 00:59:36+00
20164;NJYF1;1;30.10;32.00;35.00;33.50;99;manual;safe;online;-70;149069137;2026-07-20 01:01:37+00
20165;NJYF1;1;30.20;32.00;35.00;33.50;99;manual;safe;online;-69;149189724;2026-07-20 01:03:37+00
20166;NJYF1;1;30.20;32.00;35.00;33.50;99;manual;safe;online;-69;149310301;2026-07-20 01:05:38+00
20167;NJYF1;1;30.40;32.00;35.00;33.50;99;manual;safe;online;-69;149430887;2026-07-20 01:07:38+00
20168;NJYF1;1;30.50;32.00;35.00;33.50;99;manual;safe;online;-69;149551482;2026-07-20 01:09:39+00
20169;NJYF1;1;30.70;32.00;35.00;33.50;99;manual;safe;online;-67;149672068;2026-07-20 01:11:39+00
20170;NJYF1;1;30.80;32.00;35.00;33.50;99;manual;safe;online;-67;149792638;2026-07-20 01:13:40+00
20171;NJYF1;1;30.90;32.00;35.00;33.50;99;manual;safe;online;-67;149913228;2026-07-20 01:15:41+00
20172;NJYF1;1;30.90;32.00;35.00;33.50;99;manual;safe;online;-67;150033836;2026-07-20 01:17:41+00
20173;NJYF1;1;31.00;32.00;35.00;33.50;99;manual;safe;online;-68;150154423;2026-07-20 01:19:42+00
20174;NJYF1;1;31.10;32.00;35.00;33.50;99;manual;safe;online;-67;150275012;2026-07-20 01:21:42+00
20175;NJYF1;1;31.00;32.00;35.00;33.50;99;manual;safe;online;-67;150395596;2026-07-20 01:23:43+00
20176;NJYF1;1;31.10;32.00;35.00;33.50;99;manual;safe;online;-67;150516181;2026-07-20 01:25:44+00
20177;NJYF1;1;31.20;32.00;35.00;33.50;99;manual;safe;online;-66;150636762;2026-07-20 01:27:44+00
20178;NJYF1;1;31.20;32.00;35.00;33.50;99;manual;safe;online;-67;150757350;2026-07-20 01:29:45+00
20179;NJYF1;1;31.30;32.00;35.00;33.50;99;manual;safe;online;-66;150877935;2026-07-20 01:31:45+00
20180;NJYF1;1;31.40;32.00;35.00;33.50;99;manual;safe;online;-68;150998537;2026-07-20 01:33:46+00
20181;NJYF1;1;31.50;32.00;35.00;33.50;99;manual;safe;online;-67;151119136;2026-07-20 01:35:47+00
20182;NJYF1;1;31.70;32.00;35.00;33.50;99;manual;safe;online;-68;151239738;2026-07-20 01:37:47+00
20183;NJYF1;1;31.80;32.00;35.00;33.50;98;manual;safe;online;-67;151360325;2026-07-20 01:39:48+00
20184;NJYF1;1;31.80;32.00;35.00;33.50;97;manual;safe;online;-67;151480921;2026-07-20 01:41:48+00
20185;NJYF1;1;31.90;32.00;35.00;33.50;92;manual;safe;online;-67;151601511;2026-07-20 01:43:49+00
20186;NJYF1;1;32.10;32.00;35.00;33.50;87;manual;safe;online;-67;151722108;2026-07-20 01:45:50+00
20187;NJYF1;1;32.10;32.00;35.00;33.50;84;manual;safe;online;-68;151842691;2026-07-20 01:47:50+00
20188;NJYF1;1;32.20;32.00;35.00;33.50;80;manual;safe;online;-67;151963283;2026-07-20 01:49:51+00
20189;NJYF1;1;32.30;32.00;35.00;33.50;79;manual;safe;online;-68;152083876;2026-07-20 01:51:51+00
20190;NJYF1;1;32.30;32.00;35.00;33.50;79;manual;safe;online;-68;152204473;2026-07-20 01:53:52+00
20191;NJYF1;1;32.30;32.00;35.00;33.50;78;manual;safe;online;-68;152325059;2026-07-20 01:55:52+00
20192;NJYF1;1;32.40;32.00;35.00;33.50;74;manual;safe;online;-68;152445660;2026-07-20 01:57:53+00
20193;NJYF1;1;32.50;32.00;35.00;33.50;70;manual;safe;online;-68;152566243;2026-07-20 01:59:54+00
20194;NJYF1;1;32.60;32.00;35.00;33.50;64;manual;safe;online;-69;152686825;2026-07-20 02:01:54+00
20195;NJYF1;1;32.70;32.00;35.00;33.50;63;manual;safe;online;-69;152807423;2026-07-20 02:03:55+00
20196;NJYF1;1;32.80;32.00;35.00;33.50;58;manual;safe;online;-71;152928049;2026-07-20 02:05:55+00
20197;NJYF1;1;32.80;32.00;35.00;33.50;59;manual;safe;online;-69;153048642;2026-07-20 02:07:56+00
20198;NJYF1;1;32.80;32.00;35.00;33.50;58;manual;safe;online;-67;153169264;2026-07-20 02:09:57+00
20199;NJYF1;1;32.90;32.00;35.00;33.50;55;manual;safe;online;-74;153289873;2026-07-20 02:11:57+00
20200;NJYF1;1;33.00;32.00;35.00;33.50;50;manual;safe;online;-72;153410473;2026-07-20 02:13:58+00
20201;NJYF1;1;33.10;32.00;35.00;33.50;41;manual;safe;online;-72;153531076;2026-07-20 02:15:58+00
20202;NJYF1;1;33.00;32.00;35.00;33.50;32;manual;safe;online;-73;153651695;2026-07-20 02:17:59+00
20203;NJYF1;1;33.00;32.00;35.00;33.50;35;manual;safe;online;-70;153772305;2026-07-20 02:19:59+00
20204;NJYF1;1;33.00;32.00;35.00;33.50;38;manual;safe;online;-66;153892923;2026-07-20 02:22:00+00
20205;NJYF1;1;33.00;32.00;35.00;33.50;42;manual;safe;online;-67;154013528;2026-07-20 02:24:01+00
20206;NJYF1;1;33.00;32.00;35.00;33.50;39;manual;safe;online;-68;154134152;2026-07-20 02:26:01+00
20207;NJYF1;1;33.00;32.00;35.00;33.50;42;manual;safe;online;-70;154254762;2026-07-20 02:28:02+00
20208;NJYF1;1;33.00;32.00;35.00;33.50;41;manual;safe;online;-65;154375382;2026-07-20 02:30:02+00
20209;NJYF1;1;33.10;32.00;35.00;33.50;27;manual;safe;online;-72;154495988;2026-07-20 02:32:03+00
20210;NJYF1;1;33.10;32.00;35.00;33.50;8;manual;safe;online;-69;154616607;2026-07-20 02:34:04+00
20211;NJYF1;1;33.20;32.00;35.00;33.50;0;manual;safe;online;-65;154737192;2026-07-20 02:36:04+00
20212;NJYF1;1;33.10;32.00;35.00;33.50;0;manual;safe;online;-72;154857781;2026-07-20 02:38:05+00
20213;NJYF1;1;33.10;32.00;35.00;33.50;0;manual;safe;online;-76;154978361;2026-07-20 02:40:05+00
20214;NJYF1;1;33.00;32.00;35.00;33.50;0;manual;safe;online;-68;155098947;2026-07-20 02:42:06+00
20215;NJYF1;1;33.00;32.00;35.00;33.50;0;manual;safe;online;-68;155219519;2026-07-20 02:44:07+00
20216;NJYF1;1;33.10;32.00;35.00;33.50;0;manual;safe;online;-68;155340100;2026-07-20 02:46:07+00
20217;NJYF1;1;33.00;32.00;35.00;33.50;0;manual;safe;online;-68;155460671;2026-07-20 02:48:08+00
20218;NJYF1;1;33.00;32.00;35.00;33.50;0;manual;safe;online;-68;155581241;2026-07-20 02:50:08+00
20219;NJYF1;1;33.10;32.00;35.00;33.50;0;manual;safe;online;-68;155701817;2026-07-20 02:52:09+00
20220;NJYF1;1;33.30;32.00;35.00;33.50;0;manual;safe;online;-69;155822386;2026-07-20 02:54:09+00
20221;NJYF1;1;33.40;32.00;35.00;33.50;0;manual;safe;online;-66;155942965;2026-07-20 02:56:10+00
20222;NJYF1;1;33.50;32.00;35.00;33.50;0;manual;safe;online;-66;156063543;2026-07-20 02:58:11+00
20223;NJYF1;1;33.40;32.00;35.00;33.50;0;manual;safe;online;-67;156184125;2026-07-20 03:00:11+00
20224;NJYF1;1;33.40;32.00;35.00;33.50;0;manual;safe;online;-65;156304722;2026-07-20 03:02:12+00
20225;NJYF1;1;33.30;32.00;35.00;33.50;0;manual;safe;online;-63;156425305;2026-07-20 03:04:12+00
20226;NJYF1;1;33.20;32.00;35.00;33.50;0;manual;safe;online;-66;156545883;2026-07-20 03:06:13+00
20227;NJYF1;1;33.00;32.00;35.00;33.50;0;manual;safe;online;-74;156666471;2026-07-20 03:08:14+00
20228;NJYF1;1;32.90;32.00;35.00;33.50;4;manual;safe;online;-67;120469;2026-07-20 03:11:49+00
20229;NJYF1;1;33.20;32.00;35.00;33.50;45;manual;safe;online;-74;241099;2026-07-20 03:13:49+00
20230;NJYF1;1;33.60;32.00;35.00;33.50;39;manual;safe;online;-71;361688;2026-07-20 03:15:50+00
20231;NJYF1;1;34.00;32.00;35.00;33.50;0;manual;safe;online;-71;482296;2026-07-20 03:17:51+00
20232;NJYF1;1;34.20;32.00;35.00;33.50;0;manual;safe;online;-67;602881;2026-07-20 03:19:51+00
20233;NJYF1;1;34.20;32.00;35.00;33.50;0;manual;safe;online;-68;723457;2026-07-20 03:21:52+00
20234;NJYF1;1;34.10;32.00;35.00;33.50;0;manual;safe;online;-67;844038;2026-07-20 03:23:52+00
20235;NJYF1;1;34.00;32.00;35.00;33.50;0;manual;safe;online;-68;964627;2026-07-20 03:25:53+00
20236;NJYF1;1;34.00;32.00;35.00;33.50;0;manual;safe;online;-70;1085218;2026-07-20 03:27:54+00
20237;NJYF1;1;34.10;32.00;35.00;33.50;0;manual;safe;online;-66;1205816;2026-07-20 03:29:54+00
20238;NJYF1;1;33.90;32.00;35.00;33.50;0;manual;safe;online;-66;1326420;2026-07-20 03:31:55+00
20239;NJYF1;1;33.70;32.00;35.00;33.50;0;manual;safe;online;-68;1447021;2026-07-20 03:33:55+00
20240;NJYF1;1;33.60;32.00;35.00;33.50;0;manual;safe;online;-69;1567620;2026-07-20 03:35:56+00
20241;NJYF1;1;33.50;32.00;35.00;33.50;0;manual;safe;online;-65;1688215;2026-07-20 03:37:57+00
20242;NJYF1;1;33.50;32.00;35.00;33.50;0;manual;safe;online;-65;1808813;2026-07-20 03:39:57+00
20243;NJYF1;1;33.70;32.00;35.00;33.50;0;manual;safe;online;-70;1929398;2026-07-20 03:41:58+00
20244;NJYF1;1;34.00;32.00;35.00;33.50;0;manual;safe;online;-66;2050003;2026-07-20 03:43:58+00
20245;NJYF1;1;34.30;32.00;35.00;33.50;0;manual;safe;online;-67;2170598;2026-07-20 03:45:59+00
20246;NJYF1;1;34.50;32.00;35.00;33.50;0;manual;safe;online;-65;2291171;2026-07-20 03:48:00+00
20247;NJYF1;1;34.50;32.00;35.00;33.50;0;manual;safe;online;-67;2411760;2026-07-20 03:50:00+00
20248;NJYF1;1;34.50;32.00;35.00;33.50;0;manual;safe;online;-64;2532354;2026-07-20 03:52:01+00
20249;NJYF1;1;34.40;32.00;35.00;33.50;0;manual;safe;online;-64;2652943;2026-07-20 03:54:01+00
20250;NJYF1;1;34.30;32.00;35.00;33.50;0;manual;safe;online;-64;2773530;2026-07-20 03:56:02+00
20251;NJYF1;1;34.30;32.00;35.00;33.50;0;manual;safe;online;-67;2894096;2026-07-20 03:58:02+00
20252;NJYF1;1;34.30;32.00;35.00;33.50;0;manual;safe;online;-69;3014660;2026-07-20 04:00:03+00
20253;NJYF1;1;34.20;32.00;35.00;33.50;0;manual;safe;online;-66;3135228;2026-07-20 04:02:04+00
20254;NJYF1;1;34.20;32.00;35.00;33.50;0;manual;safe;online;-65;3255814;2026-07-20 04:04:04+00
20255;NJYF1;1;34.20;32.00;35.00;33.50;0;manual;safe;online;-69;3376382;2026-07-20 04:06:05+00
20256;NJYF1;1;34.20;32.00;35.00;33.50;0;manual;safe;online;-64;3496960;2026-07-20 04:08:05+00
20257;NJYF1;1;34.20;32.00;35.00;33.50;0;manual;safe;online;-66;3617558;2026-07-20 04:10:06+00
20258;NJYF1;1;34.20;32.00;35.00;33.50;0;manual;safe;online;-63;3738161;2026-07-20 04:12:07+00
20259;NJYF1;1;34.20;32.00;35.00;33.50;0;manual;safe;online;-64;3858763;2026-07-20 04:14:07+00
20260;NJYF1;1;34.10;32.00;35.00;33.50;0;manual;safe;online;-66;3979381;2026-07-20 04:16:08+00
20261;NJYF1;1;34.00;32.00;35.00;33.50;0;manual;safe;online;-69;4099983;2026-07-20 04:18:08+00
20262;NJYF1;1;33.90;32.00;35.00;33.50;0;manual;safe;online;-68;4220585;2026-07-20 04:20:09+00
20263;NJYF1;1;33.80;32.00;35.00;33.50;0;manual;safe;online;-64;4341186;2026-07-20 04:22:10+00
20264;NJYF1;1;33.70;32.00;35.00;33.50;0;manual;safe;online;-60;4461784;2026-07-20 04:24:10+00
20265;NJYF1;1;33.60;32.00;35.00;33.50;0;manual;safe;online;-64;4582388;2026-07-20 04:26:11+00
20266;NJYF1;1;33.60;32.00;35.00;33.50;0;manual;safe;online;-64;4702996;2026-07-20 04:28:11+00
20267;NJYF1;1;33.40;32.00;35.00;33.50;0;manual;safe;online;-64;4823595;2026-07-20 04:30:12+00
20268;NJYF1;1;33.40;32.00;35.00;33.50;0;manual;safe;online;-64;4944181;2026-07-20 04:32:13+00
20269;NJYF1;1;33.40;32.00;35.00;33.50;0;manual;safe;online;-64;5064749;2026-07-20 04:34:13+00
20270;NJYF1;1;33.40;32.00;35.00;33.50;0;manual;safe;online;-64;5185320;2026-07-20 04:36:14+00
20271;NJYF1;1;33.40;32.00;35.00;33.50;2;manual;safe;online;-67;5305909;2026-07-20 04:38:14+00
20272;NJYF1;1;33.60;32.00;35.00;33.50;0;manual;safe;online;-65;5426492;2026-07-20 04:40:15+00
20273;NJYF1;1;33.60;32.00;35.00;33.50;0;manual;safe;online;-66;5547068;2026-07-20 04:42:15+00
20274;NJYF1;1;33.70;32.00;35.00;33.50;0;manual;safe;online;-66;5667640;2026-07-20 04:44:16+00
20275;NJYF1;1;33.90;32.00;35.00;33.50;0;manual;safe;online;-65;5788218;2026-07-20 04:46:17+00
20276;NJYF1;1;34.10;32.00;35.00;33.50;0;manual;safe;online;-63;5908789;2026-07-20 04:48:17+00
20277;NJYF1;1;34.20;32.00;35.00;33.50;0;manual;safe;online;-63;6029358;2026-07-20 04:50:18+00
20278;NJYF1;1;34.40;32.00;35.00;33.50;0;manual;safe;online;-65;6149935;2026-07-20 04:52:18+00
20279;NJYF1;1;34.50;32.00;35.00;33.50;0;manual;safe;online;-66;6270549;2026-07-20 04:54:19+00
20280;NJYF1;1;34.50;32.00;35.00;33.50;0;manual;safe;online;-66;6391160;2026-07-20 04:56:20+00
20281;NJYF1;1;34.50;32.00;35.00;33.50;0;manual;safe;online;-66;6511761;2026-07-20 04:58:20+00
20282;NJYF1;1;34.40;32.00;35.00;33.50;0;manual;safe;online;-66;6632377;2026-07-20 05:00:21+00
20283;NJYF1;1;34.50;32.00;35.00;33.50;0;manual;safe;online;-66;6752979;2026-07-20 05:02:21+00
20284;NJYF1;1;34.50;32.00;35.00;33.50;0;manual;safe;online;-65;6873568;2026-07-20 05:04:22+00
20285;NJYF1;1;34.60;32.00;35.00;33.50;0;manual;safe;online;-66;6994180;2026-07-20 05:06:23+00
20286;NJYF1;1;34.80;32.00;35.00;33.50;0;manual;safe;online;-68;7114769;2026-07-20 05:08:23+00
20287;NJYF1;1;35.00;32.00;35.00;33.50;0;manual;safe;online;-66;7235357;2026-07-20 05:10:24+00
20288;NJYF1;1;35.30;32.00;35.00;33.50;0;manual;safe;online;-67;7355944;2026-07-20 05:12:24+00
20289;NJYF1;1;35.50;32.00;35.00;33.50;0;manual;safe;online;-67;7476522;2026-07-20 05:14:25+00
20290;NJYF1;1;35.70;32.00;35.00;33.50;0;manual;safe;online;-68;7597108;2026-07-20 05:16:25+00
20291;NJYF1;1;35.70;32.00;35.00;33.50;0;manual;safe;online;-71;7717685;2026-07-20 05:18:26+00
20292;NJYF1;1;35.70;32.00;35.00;33.50;0;manual;safe;online;-70;7838265;2026-07-20 05:20:27+00
20293;NJYF1;1;35.60;32.00;35.00;33.50;0;manual;safe;online;-67;7958839;2026-07-20 05:22:27+00
20294;NJYF1;1;35.60;32.00;35.00;33.50;0;manual;safe;online;-68;8079423;2026-07-20 05:24:28+00
20295;NJYF1;1;35.60;32.00;35.00;33.50;0;manual;safe;online;-67;8200000;2026-07-20 05:26:28+00
20296;NJYF1;1;35.70;32.00;35.00;33.50;0;manual;safe;online;-70;8320575;2026-07-20 05:28:29+00
20297;NJYF1;1;35.80;32.00;35.00;33.50;0;manual;safe;online;-69;8441172;2026-07-20 05:30:30+00
20298;NJYF1;1;35.90;32.00;35.00;33.50;0;manual;safe;online;-68;8561740;2026-07-20 05:32:30+00
20299;NJYF1;1;36.00;32.00;35.00;33.50;0;manual;safe;online;-69;8682328;2026-07-20 05:34:31+00
20300;NJYF1;1;36.10;32.00;35.00;33.50;0;manual;safe;online;-69;8802905;2026-07-20 05:36:31+00
20301;NJYF1;1;36.00;32.00;35.00;33.50;0;manual;safe;online;-69;8923500;2026-07-20 05:38:32+00
20302;NJYF1;1;36.00;32.00;35.00;33.50;0;manual;safe;online;-68;9044074;2026-07-20 05:40:32+00
20303;NJYF1;1;36.20;32.00;35.00;33.50;0;manual;safe;online;-68;9164650;2026-07-20 05:42:33+00
20304;NJYF1;1;36.20;32.00;35.00;33.50;0;manual;safe;online;-69;9285245;2026-07-20 05:44:34+00
20305;NJYF1;1;36.00;32.00;35.00;33.50;0;manual;safe;online;-67;9405831;2026-07-20 05:46:34+00
20306;NJYF1;1;36.10;32.00;35.00;33.50;0;manual;safe;online;-68;9526407;2026-07-20 05:48:35+00
20307;NJYF1;1;36.00;32.00;35.00;33.50;0;manual;safe;online;-68;9646988;2026-07-20 05:50:35+00
20308;NJYF1;1;35.90;32.00;35.00;33.50;0;manual;safe;online;-68;9767572;2026-07-20 05:52:36+00
20309;NJYF1;1;36.00;32.00;35.00;33.50;0;manual;safe;online;-69;9888145;2026-07-20 05:54:36+00
20310;NJYF1;1;36.20;32.00;35.00;33.50;0;manual;safe;online;-70;10008752;2026-07-20 05:56:37+00
20311;NJYF1;1;36.30;32.00;35.00;33.50;0;manual;safe;online;-69;10129328;2026-07-20 05:58:38+00
20312;NJYF1;1;36.50;32.00;35.00;33.50;0;manual;safe;online;-68;10249900;2026-07-20 06:00:38+00
20313;NJYF1;1;36.40;32.00;35.00;33.50;0;manual;safe;online;-69;10370478;2026-07-20 06:02:39+00
20314;NJYF1;1;36.40;32.00;35.00;33.50;0;manual;safe;online;-70;10491065;2026-07-20 06:04:39+00
20315;NJYF1;1;36.50;32.00;35.00;33.50;0;manual;safe;online;-67;10611638;2026-07-20 06:06:40+00
20316;NJYF1;1;36.60;32.00;35.00;33.50;0;manual;safe;online;-65;10732219;2026-07-20 06:08:41+00
20317;NJYF1;1;36.50;32.00;35.00;33.50;0;manual;safe;online;-70;10852797;2026-07-20 06:10:41+00
20318;NJYF1;1;36.40;32.00;35.00;33.50;0;manual;safe;online;-68;10974390;2026-07-20 06:12:42+00
20319;NJYF1;1;36.20;32.00;35.00;33.50;0;manual;safe;online;-69;11094977;2026-07-20 06:14:43+00
20320;NJYF1;1;36.20;32.00;35.00;33.50;0;manual;safe;online;-74;11215559;2026-07-20 06:16:44+00
20321;NJYF1;1;36.20;32.00;35.00;33.50;0;manual;safe;online;-69;11336145;2026-07-20 06:18:44+00
20322;NJYF1;1;36.20;32.00;35.00;33.50;0;manual;safe;online;-70;11456740;2026-07-20 06:20:45+00
20323;NJYF1;1;36.30;32.00;35.00;33.50;0;manual;safe;online;-71;11577336;2026-07-20 06:22:45+00
20324;NJYF1;1;36.20;32.00;35.00;33.50;0;manual;safe;online;-71;11697919;2026-07-20 06:24:46+00
20325;NJYF1;1;36.20;32.00;35.00;33.50;0;manual;safe;online;-71;11818501;2026-07-20 06:26:47+00
20326;NJYF1;1;36.20;32.00;35.00;33.50;0;manual;safe;online;-70;11939078;2026-07-20 06:28:47+00
20327;NJYF1;1;36.10;32.00;35.00;33.50;0;manual;safe;online;-72;12059668;2026-07-20 06:30:48+00
20328;NJYF1;1;36.10;32.00;35.00;33.50;0;manual;safe;online;-71;12180270;2026-07-20 06:32:48+00
20329;NJYF1;1;36.20;32.00;35.00;33.50;0;manual;safe;online;-69;12300853;2026-07-20 06:34:49+00
20330;NJYF1;1;36.30;32.00;35.00;33.50;0;manual;safe;online;-66;12421450;2026-07-20 06:36:50+00
20331;NJYF1;1;36.40;32.00;35.00;33.50;0;manual;safe;online;-71;12542037;2026-07-20 06:38:50+00
20332;NJYF1;1;36.50;32.00;35.00;33.50;0;manual;safe;online;-70;12662630;2026-07-20 06:40:51+00
20333;NJYF1;1;36.40;32.00;35.00;33.50;0;manual;safe;online;-70;12783233;2026-07-20 06:42:51+00
20334;NJYF1;1;36.40;32.00;35.00;33.50;0;manual;safe;online;-71;12903830;2026-07-20 06:44:52+00
20335;NJYF1;1;36.40;32.00;35.00;33.50;0;manual;safe;online;-76;13024430;2026-07-20 06:46:52+00
20336;NJYF1;1;36.30;32.00;35.00;33.50;0;manual;safe;online;-72;13145021;2026-07-20 06:48:53+00
20337;NJYF1;1;36.30;32.00;35.00;33.50;0;manual;safe;online;-69;13265617;2026-07-20 06:50:54+00
20338;NJYF1;1;36.30;32.00;35.00;33.50;0;manual;safe;online;-70;13386200;2026-07-20 06:52:54+00
20339;NJYF1;1;36.20;32.00;35.00;33.50;0;manual;safe;online;-69;13506791;2026-07-20 06:54:55+00
20340;NJYF1;1;36.20;32.00;35.00;33.50;0;manual;safe;online;-68;13627391;2026-07-20 06:56:55+00
20341;NJYF1;1;36.30;32.00;35.00;33.50;0;manual;safe;online;-69;13747982;2026-07-20 06:58:56+00
20342;NJYF1;1;36.20;32.00;35.00;33.50;0;manual;safe;online;-69;13868576;2026-07-20 07:00:57+00
20343;NJYF1;1;36.10;32.00;35.00;33.50;0;manual;safe;online;-69;13989162;2026-07-20 07:02:57+00
20344;NJYF1;1;36.10;32.00;35.00;33.50;0;manual;safe;online;-68;14109758;2026-07-20 07:04:58+00
20345;NJYF1;1;36.00;32.00;35.00;33.50;0;manual;safe;online;-69;14230360;2026-07-20 07:06:58+00
20346;NJYF1;1;35.90;32.00;35.00;33.50;0;manual;safe;online;-70;14350961;2026-07-20 07:08:59+00
20347;NJYF1;1;35.90;32.00;35.00;33.50;0;manual;safe;online;-71;14471560;2026-07-20 07:11:00+00
20348;NJYF1;1;35.80;32.00;35.00;33.50;0;manual;safe;online;-68;14592163;2026-07-20 07:13:00+00
20349;NJYF1;1;35.80;32.00;35.00;33.50;0;manual;safe;online;-69;14712770;2026-07-20 07:15:01+00
20350;NJYF1;1;35.80;32.00;35.00;33.50;0;manual;safe;online;-68;14833399;2026-07-20 07:17:01+00
20351;NJYF1;1;35.50;32.00;35.00;33.50;0;manual;safe;online;-70;14953997;2026-07-20 07:19:02+00
20352;NJYF1;1;35.30;32.00;35.00;33.50;0;manual;safe;online;-71;15074601;2026-07-20 07:21:03+00
20353;NJYF1;1;35.30;32.00;35.00;33.50;0;manual;safe;online;-72;15195206;2026-07-20 07:23:03+00
20354;NJYF1;1;35.30;32.00;35.00;33.50;0;manual;safe;online;-70;15315820;2026-07-20 07:25:04+00
20355;NJYF1;1;35.20;32.00;35.00;33.50;0;manual;safe;online;-71;15436425;2026-07-20 07:27:04+00
20356;NJYF1;1;35.20;32.00;35.00;33.50;0;manual;safe;online;-69;15557047;2026-07-20 07:29:05+00
20357;NJYF1;1;35.10;32.00;35.00;33.50;0;manual;safe;online;-70;15677648;2026-07-20 07:31:06+00
20358;NJYF1;1;34.90;32.00;35.00;33.50;0;manual;safe;online;-70;15798253;2026-07-20 07:33:06+00
20359;NJYF1;1;34.60;32.00;35.00;33.50;0;manual;safe;online;-70;15918853;2026-07-20 07:35:07+00
20360;NJYF1;1;34.20;32.00;35.00;33.50;0;manual;safe;online;-70;16039450;2026-07-20 07:37:08+00
20361;NJYF1;1;34.00;32.00;35.00;33.50;0;manual;safe;online;-69;16160056;2026-07-20 07:39:08+00
20362;NJYF1;1;33.80;32.00;35.00;33.50;0;manual;safe;online;-69;16280658;2026-07-20 07:41:09+00
20363;NJYF1;1;33.80;32.00;35.00;33.50;0;manual;safe;online;-67;16401262;2026-07-20 07:43:09+00
20364;NJYF1;1;33.80;32.00;35.00;33.50;0;manual;safe;online;-69;16521872;2026-07-20 07:45:10+00
20365;NJYF1;1;33.90;32.00;35.00;33.50;0;manual;safe;online;-68;16642476;2026-07-20 07:47:11+00
20366;NJYF1;1;33.90;32.00;35.00;33.50;0;manual;safe;online;-69;16763079;2026-07-20 07:49:11+00
20367;NJYF1;1;34.00;32.00;35.00;33.50;0;manual;safe;online;-66;16883680;2026-07-20 07:51:12+00
20368;NJYF1;1;34.00;32.00;35.00;33.50;0;manual;safe;online;-68;17004285;2026-07-20 07:53:12+00
20369;NJYF1;1;34.00;32.00;35.00;33.50;0;manual;safe;online;-68;17124884;2026-07-20 07:55:13+00
20370;NJYF1;1;34.00;32.00;35.00;33.50;0;manual;safe;online;-68;17245490;2026-07-20 07:57:14+00
20371;NJYF1;1;33.90;32.00;35.00;33.50;0;manual;safe;online;-69;17366100;2026-07-20 07:59:14+00
20372;NJYF1;1;33.80;32.00;35.00;33.50;0;manual;safe;online;-67;17486709;2026-07-20 08:01:15+00
20373;NJYF1;1;33.70;32.00;35.00;33.50;0;manual;safe;online;-69;17607313;2026-07-20 08:03:15+00
20374;NJYF1;1;33.50;32.00;35.00;33.50;0;manual;safe;online;-70;17727914;2026-07-20 08:05:16+00
20375;NJYF1;1;33.50;32.00;35.00;33.50;0;manual;safe;online;-70;17848524;2026-07-20 08:07:17+00
20376;NJYF1;1;33.50;32.00;35.00;33.50;0;manual;safe;online;-71;17969127;2026-07-20 08:09:17+00
20377;NJYF1;1;33.50;32.00;35.00;33.50;0;manual;safe;online;-71;18089724;2026-07-20 08:11:18+00
20378;NJYF1;1;33.50;32.00;35.00;33.50;0;manual;safe;online;-70;18210340;2026-07-20 08:13:18+00
20379;NJYF1;1;33.50;32.00;35.00;33.50;0;manual;safe;online;-69;18330940;2026-07-20 08:15:19+00
20380;NJYF1;1;33.50;32.00;35.00;33.50;0;manual;safe;online;-70;18451535;2026-07-20 08:17:20+00
20381;NJYF1;1;33.50;32.00;35.00;33.50;0;manual;safe;online;-69;18572141;2026-07-20 08:19:20+00
20382;NJYF1;1;33.50;32.00;35.00;33.50;0;manual;safe;online;-72;18692750;2026-07-20 08:21:21+00
20383;NJYF1;1;33.40;32.00;35.00;33.50;0;manual;safe;online;-78;18813363;2026-07-20 08:23:21+00
20384;NJYF1;1;33.40;32.00;35.00;33.50;0;manual;safe;online;-78;18933966;2026-07-20 08:25:22+00
20385;NJYF1;1;33.40;32.00;35.00;33.50;0;manual;safe;online;-80;19054570;2026-07-20 08:27:23+00
20386;NJYF1;1;33.50;32.00;35.00;33.50;0;manual;safe;online;-71;19175211;2026-07-20 08:29:23+00
20387;NJYF1;1;33.60;32.00;35.00;33.50;0;manual;safe;online;-72;19295828;2026-07-20 08:31:24+00
20388;NJYF1;1;33.50;32.00;35.00;33.50;0;manual;safe;online;-72;19416428;2026-07-20 08:33:24+00
20389;NJYF1;1;33.40;32.00;35.00;33.50;0;manual;safe;online;-72;19537040;2026-07-20 08:35:25+00
20390;NJYF1;1;33.40;32.00;35.00;33.50;1;manual;safe;online;-72;19657631;2026-07-20 08:37:26+00
20391;NJYF1;1;33.30;32.00;35.00;33.50;21;manual;safe;online;-71;19778259;2026-07-20 08:39:26+00
20392;NJYF1;1;33.30;32.00;35.00;33.50;43;manual;safe;online;-70;19898877;2026-07-20 08:41:27+00
20393;NJYF1;1;33.40;32.00;35.00;33.50;52;manual;safe;online;-71;20019465;2026-07-20 08:43:28+00
20394;NJYF1;1;33.60;32.00;35.00;33.50;44;manual;safe;online;-71;20140088;2026-07-20 08:45:28+00
20395;NJYF1;1;33.50;32.00;35.00;33.50;35;manual;safe;online;-69;20260698;2026-07-20 08:47:29+00
20396;NJYF1;1;33.50;32.00;35.00;33.50;41;manual;safe;online;-72;20382321;2026-07-20 08:49:30+00
20397;NJYF1;1;33.40;32.00;35.00;33.50;52;manual;safe;online;-67;20502941;2026-07-20 08:51:31+00
20398;NJYF1;1;33.40;32.00;35.00;33.50;52;manual;safe;online;-69;20623564;2026-07-20 08:53:32+00
20399;NJYF1;1;33.40;32.00;35.00;33.50;54;manual;safe;online;-68;20744165;2026-07-20 08:55:32+00
20400;NJYF1;1;33.30;32.00;35.00;33.50;56;manual;safe;online;-68;20864794;2026-07-20 08:57:33+00
20401;NJYF1;1;33.40;32.00;35.00;33.50;55;manual;safe;online;-76;20985393;2026-07-20 08:59:33+00
20402;NJYF1;1;33.40;32.00;35.00;33.50;53;manual;safe;online;-72;21106005;2026-07-20 09:01:34+00
20403;NJYF1;1;33.40;32.00;35.00;33.50;54;manual;safe;online;-72;21226619;2026-07-20 09:03:35+00
20404;NJYF1;1;33.30;32.00;35.00;33.50;56;manual;safe;online;-68;21347237;2026-07-20 09:05:35+00
20405;NJYF1;1;33.30;32.00;35.00;33.50;56;manual;safe;online;-69;21467842;2026-07-20 09:07:36+00
20406;NJYF1;1;33.30;32.00;35.00;33.50;56;manual;safe;online;-69;21588470;2026-07-20 09:09:37+00
20407;NJYF1;1;33.40;32.00;35.00;33.50;55;manual;safe;online;-69;21709071;2026-07-20 09:11:37+00
20408;NJYF1;1;33.40;32.00;35.00;33.50;55;manual;safe;online;-68;21829693;2026-07-20 09:13:37+00
20409;NJYF1;1;33.40;32.00;35.00;33.50;53;manual;safe;online;-69;21950319;2026-07-20 09:15:38+00
20410;NJYF1;1;33.40;32.00;35.00;33.50;54;manual;safe;online;-68;22070919;2026-07-20 09:17:39+00
20411;NJYF1;1;33.30;32.00;35.00;33.50;58;manual;safe;online;-68;22191560;2026-07-20 09:19:39+00
20412;NJYF1;1;33.30;32.00;35.00;33.50;58;manual;safe;online;-70;22312170;2026-07-20 09:21:40+00
20413;NJYF1;1;33.30;32.00;35.00;33.50;58;manual;safe;online;-68;22432781;2026-07-20 09:23:41+00
20414;NJYF1;1;33.20;32.00;35.00;33.50;61;manual;safe;online;-71;22553392;2026-07-20 09:25:41+00
20415;NJYF1;1;33.20;32.00;35.00;33.50;61;manual;safe;online;-67;22674009;2026-07-20 09:27:42+00
20416;NJYF1;1;33.20;32.00;35.00;33.50;60;manual;safe;online;-71;22794626;2026-07-20 09:29:42+00
20417;NJYF1;1;33.20;32.00;35.00;33.50;61;manual;safe;online;-73;22915244;2026-07-20 09:31:43+00
20418;NJYF1;1;33.20;32.00;35.00;33.50;62;manual;safe;online;-76;23035849;2026-07-20 09:33:44+00
20419;NJYF1;1;33.20;32.00;35.00;33.50;63;manual;safe;online;-70;23156461;2026-07-20 09:35:44+00
20420;NJYF1;1;33.10;32.00;35.00;33.50;66;manual;safe;online;-71;23277073;2026-07-20 09:37:45+00
20421;NJYF1;1;33.10;32.00;35.00;33.50;67;manual;safe;online;-69;23397693;2026-07-20 09:39:45+00
20422;NJYF1;1;33.00;32.00;35.00;33.50;68;manual;safe;online;-69;23518303;2026-07-20 09:41:46+00
20423;NJYF1;1;33.00;32.00;35.00;33.50;68;manual;safe;online;-69;23638940;2026-07-20 09:43:47+00
20424;NJYF1;1;33.10;32.00;35.00;33.50;67;manual;safe;online;-70;23759552;2026-07-20 09:45:47+00
20425;NJYF1;1;33.00;32.00;35.00;33.50;69;manual;safe;online;-70;23880149;2026-07-20 09:47:48+00
20426;NJYF1;1;33.00;32.00;35.00;33.50;71;manual;safe;online;-68;24000752;2026-07-20 09:49:49+00
20427;NJYF1;1;33.00;32.00;35.00;33.50;71;manual;safe;online;-69;24121361;2026-07-20 09:51:49+00
20428;NJYF1;1;33.00;32.00;35.00;33.50;71;manual;safe;online;-65;24241410;2026-07-20 09:53:49+00
20429;NJYF1;1;32.90;32.00;35.00;33.50;75;manual;safe;online;-65;24362017;2026-07-20 09:55:50+00
20430;NJYF1;1;32.90;32.00;35.00;33.50;74;manual;safe;online;-68;24482631;2026-07-20 09:57:50+00
20431;NJYF1;1;32.90;32.00;35.00;33.50;75;manual;safe;online;-67;24603235;2026-07-20 09:59:51+00
20432;NJYF1;1;32.80;32.00;35.00;33.50;76;manual;safe;online;-67;24723852;2026-07-20 10:01:52+00
20433;NJYF1;1;32.80;32.00;35.00;33.50;76;manual;safe;online;-66;24844461;2026-07-20 10:03:52+00
20434;NJYF1;1;32.90;32.00;35.00;33.50;75;manual;safe;online;-66;24965069;2026-07-20 10:05:53+00
20435;NJYF1;1;32.80;32.00;35.00;33.50;76;manual;safe;online;-66;25085666;2026-07-20 10:07:53+00
20436;NJYF1;1;32.80;32.00;35.00;33.50;77;manual;safe;online;-66;25206281;2026-07-20 10:09:54+00
20437;NJYF1;1;32.80;32.00;35.00;33.50;78;manual;safe;online;-66;25326875;2026-07-20 10:11:55+00
20438;NJYF1;1;32.70;32.00;35.00;33.50;80;manual;safe;online;-66;25447476;2026-07-20 10:13:55+00
20439;NJYF1;1;32.70;32.00;35.00;33.50;82;manual;safe;online;-67;25568054;2026-07-20 10:15:56+00
20440;NJYF1;1;32.70;32.00;35.00;33.50;82;manual;safe;online;-66;25688648;2026-07-20 10:17:56+00
20441;NJYF1;1;32.70;32.00;35.00;33.50;83;manual;safe;online;-65;25810258;2026-07-20 10:19:58+00
20442;NJYF1;1;32.70;32.00;35.00;33.50;80;manual;safe;online;-67;25930852;2026-07-20 10:21:59+00
20443;NJYF1;1;32.80;32.00;35.00;33.50;79;manual;safe;online;-65;26051455;2026-07-20 10:23:59+00
20444;NJYF1;1;32.70;32.00;35.00;33.50;80;manual;safe;online;-68;26172058;2026-07-20 10:26:00+00
20445;NJYF1;1;32.60;32.00;35.00;33.50;85;manual;safe;online;-68;26292650;2026-07-20 10:28:00+00
20446;NJYF1;1;32.60;32.00;35.00;33.50;87;manual;safe;online;-67;26413252;2026-07-20 10:30:01+00
20447;NJYF1;1;32.50;32.00;35.00;33.50;90;manual;safe;online;-67;26533842;2026-07-20 10:32:02+00
20448;NJYF1;1;32.50;32.00;35.00;33.50;90;manual;safe;online;-64;26654436;2026-07-20 10:34:02+00
20449;NJYF1;1;32.40;32.00;35.00;33.50;92;manual;safe;online;-65;26775031;2026-07-20 10:36:03+00
20450;NJYF1;1;32.40;32.00;35.00;33.50;93;manual;safe;online;-65;26895619;2026-07-20 10:38:03+00
20451;NJYF1;1;32.30;32.00;35.00;33.50;96;manual;safe;online;-64;27016220;2026-07-20 10:40:04+00
20452;NJYF1;1;32.30;32.00;35.00;33.50;96;manual;safe;online;-65;27136809;2026-07-20 10:42:05+00
20453;NJYF1;1;32.30;32.00;35.00;33.50;98;manual;safe;online;-65;27257405;2026-07-20 10:44:05+00
20454;NJYF1;1;32.20;32.00;35.00;33.50;99;manual;safe;online;-64;27377988;2026-07-20 10:46:06+00
20455;NJYF1;1;32.10;32.00;35.00;33.50;99;manual;safe;online;-64;27498587;2026-07-20 10:48:06+00
20456;NJYF1;1;32.00;32.00;35.00;33.50;99;manual;safe;online;-64;27619178;2026-07-20 10:50:07+00
20457;NJYF1;1;31.90;32.00;35.00;33.50;99;manual;safe;online;-65;27739760;2026-07-20 10:52:08+00
20458;NJYF1;1;31.80;32.00;35.00;33.50;99;manual;safe;online;-67;27860365;2026-07-20 10:54:08+00
20459;NJYF1;1;31.80;32.00;35.00;33.50;99;manual;safe;online;-66;27980942;2026-07-20 10:56:09+00
20460;NJYF1;1;31.60;32.00;35.00;33.50;99;manual;safe;online;-66;28101530;2026-07-20 10:58:09+00
20461;NJYF1;1;31.50;32.00;35.00;33.50;99;manual;safe;online;-65;28222142;2026-07-20 11:00:10+00
20462;NJYF1;1;31.60;32.00;35.00;33.50;99;manual;safe;online;-67;28342740;2026-07-20 11:02:11+00
20463;NJYF1;1;31.60;32.00;35.00;33.50;99;manual;safe;online;-67;28463336;2026-07-20 11:04:11+00
20464;NJYF1;1;31.50;32.00;35.00;33.50;99;manual;safe;online;-68;28583924;2026-07-20 11:06:12+00
20465;NJYF1;1;31.50;32.00;35.00;33.50;99;manual;safe;online;-66;28704515;2026-07-20 11:08:12+00
20466;NJYF1;1;31.50;32.00;35.00;33.50;99;manual;safe;online;-65;28825125;2026-07-20 11:10:13+00
20467;NJYF1;1;31.50;32.00;35.00;33.50;99;manual;safe;online;-66;28945712;2026-07-20 11:12:13+00
20468;NJYF1;1;31.50;32.00;35.00;33.50;99;manual;safe;online;-66;29066300;2026-07-20 11:14:14+00
20469;NJYF1;1;31.40;32.00;35.00;33.50;99;manual;safe;online;-66;29186902;2026-07-20 11:16:15+00
20470;NJYF1;1;31.40;32.00;35.00;33.50;99;manual;safe;online;-65;29307489;2026-07-20 11:18:15+00
20471;NJYF1;1;31.30;32.00;35.00;33.50;99;manual;safe;online;-66;29428087;2026-07-20 11:20:16+00
20472;NJYF1;1;31.20;32.00;35.00;33.50;99;manual;safe;online;-65;29548681;2026-07-20 11:22:16+00
20473;NJYF1;1;31.20;32.00;35.00;33.50;99;manual;safe;online;-67;29669278;2026-07-20 11:24:17+00
20474;NJYF1;1;31.20;32.00;35.00;33.50;99;manual;safe;online;-64;29789877;2026-07-20 11:26:18+00
20475;NJYF1;1;31.10;32.00;35.00;33.50;99;manual;safe;online;-67;29910470;2026-07-20 11:28:18+00
20476;NJYF1;1;31.00;32.00;35.00;33.50;99;manual;safe;online;-69;30031068;2026-07-20 11:30:19+00
20477;NJYF1;1;31.00;32.00;35.00;33.50;99;manual;safe;online;-70;30151654;2026-07-20 11:32:19+00
20478;NJYF1;1;31.00;32.00;35.00;33.50;99;manual;safe;online;-68;30272229;2026-07-20 11:34:20+00
20479;NJYF1;1;31.00;32.00;35.00;33.50;99;manual;safe;online;-69;30392812;2026-07-20 11:36:21+00
20480;NJYF1;1;31.00;32.00;35.00;33.50;99;manual;safe;online;-68;30513388;2026-07-20 11:38:21+00
20481;NJYF1;1;31.10;32.00;35.00;33.50;99;manual;safe;online;-68;30633989;2026-07-20 11:40:22+00
20482;NJYF1;1;31.10;32.00;35.00;33.50;99;manual;safe;online;-69;30754591;2026-07-20 11:42:22+00
20483;NJYF1;1;31.10;32.00;35.00;33.50;99;manual;safe;online;-69;30875187;2026-07-20 11:44:23+00
20484;NJYF1;1;31.10;32.00;35.00;33.50;99;manual;safe;online;-69;30995781;2026-07-20 11:46:24+00
20485;NJYF1;1;31.00;32.00;35.00;33.50;99;manual;safe;online;-68;31116376;2026-07-20 11:48:24+00
20486;NJYF1;1;31.00;32.00;35.00;33.50;99;manual;safe;online;-69;31236960;2026-07-20 11:50:25+00
20487;NJYF1;1;31.00;32.00;35.00;33.50;99;manual;safe;online;-69;31357542;2026-07-20 11:52:25+00
20488;NJYF1;1;31.00;32.00;35.00;33.50;99;manual;safe;online;-67;31478126;2026-07-20 11:54:26+00
20489;NJYF1;1;31.00;32.00;35.00;33.50;99;manual;safe;online;-68;31598721;2026-07-20 11:56:26+00
20490;NJYF1;1;30.90;32.00;35.00;33.50;99;manual;safe;online;-65;31719302;2026-07-20 11:58:27+00
20491;NJYF1;1;30.90;32.00;35.00;33.50;99;manual;safe;online;-66;31839906;2026-07-20 12:00:28+00
20492;NJYF1;1;30.90;32.00;35.00;33.50;99;manual;safe;online;-68;31960514;2026-07-20 12:02:28+00
20493;NJYF1;1;30.90;32.00;35.00;33.50;99;manual;safe;online;-69;32081093;2026-07-20 12:04:29+00
20494;NJYF1;1;30.80;32.00;35.00;33.50;99;manual;safe;online;-68;32201694;2026-07-20 12:06:29+00
20495;NJYF1;1;30.80;32.00;35.00;33.50;99;manual;safe;online;-69;32322274;2026-07-20 12:08:30+00
20496;NJYF1;1;30.90;32.00;35.00;33.50;99;manual;safe;online;-68;32442880;2026-07-20 12:10:30+00
20497;NJYF1;1;30.90;32.00;35.00;33.50;99;manual;safe;online;-68;32563475;2026-07-20 12:12:31+00
20498;NJYF1;1;31.00;32.00;35.00;33.50;99;manual;safe;online;-69;32684056;2026-07-20 12:14:32+00
20499;NJYF1;1;31.00;32.00;35.00;33.50;99;manual;safe;online;-68;32804657;2026-07-20 12:16:32+00
20500;NJYF1;1;31.00;32.00;35.00;33.50;99;manual;safe;online;-66;32925267;2026-07-20 12:18:33+00
20501;NJYF1;1;30.90;32.00;35.00;33.50;99;manual;safe;online;-68;33045862;2026-07-20 12:20:33+00
20502;NJYF1;1;30.80;32.00;35.00;33.50;99;manual;safe;online;-69;33166456;2026-07-20 12:22:34+00
20503;NJYF1;1;30.80;32.00;35.00;33.50;99;manual;safe;online;-68;33287043;2026-07-20 12:24:35+00
20504;NJYF1;1;30.60;32.00;35.00;33.50;99;manual;safe;online;-68;33407645;2026-07-20 12:26:35+00
20505;NJYF1;1;30.60;32.00;35.00;33.50;99;manual;safe;online;-68;33528222;2026-07-20 12:28:36+00
20506;NJYF1;1;30.50;32.00;35.00;33.50;99;manual;safe;online;-69;33648801;2026-07-20 12:30:36+00
20507;NJYF1;1;30.50;32.00;35.00;33.50;99;manual;safe;online;-72;33769393;2026-07-20 12:32:37+00
20508;NJYF1;1;30.50;32.00;35.00;33.50;99;manual;safe;online;-71;33889978;2026-07-20 12:34:37+00
20509;NJYF1;1;30.50;32.00;35.00;33.50;99;manual;safe;online;-66;34010568;2026-07-20 12:36:38+00
20510;NJYF1;1;30.50;32.00;35.00;33.50;99;manual;safe;online;-66;34131152;2026-07-20 12:38:39+00
20511;NJYF1;1;30.50;32.00;35.00;33.50;99;manual;safe;online;-67;34251748;2026-07-20 12:40:39+00
20512;NJYF1;1;30.50;32.00;35.00;33.50;99;manual;safe;online;-66;34372333;2026-07-20 12:42:40+00
20513;NJYF1;1;30.40;32.00;35.00;33.50;99;manual;safe;online;-68;34492920;2026-07-20 12:44:40+00
20514;NJYF1;1;30.40;32.00;35.00;33.50;99;manual;safe;online;-70;34613515;2026-07-20 12:46:41+00
20515;NJYF1;1;30.30;32.00;35.00;33.50;99;manual;safe;online;-68;34734098;2026-07-20 12:48:42+00
20516;NJYF1;1;30.20;32.00;35.00;33.50;99;manual;safe;online;-68;34854701;2026-07-20 12:50:42+00
20517;NJYF1;1;30.20;32.00;35.00;33.50;99;manual;safe;online;-68;34975293;2026-07-20 12:52:43+00
20518;NJYF1;1;30.20;32.00;35.00;33.50;99;manual;safe;online;-69;35095880;2026-07-20 12:54:43+00
20519;NJYF1;1;30.10;32.00;35.00;33.50;99;manual;safe;online;-68;35216474;2026-07-20 12:56:44+00
20520;NJYF1;1;30.10;32.00;35.00;33.50;99;manual;safe;online;-69;35337064;2026-07-20 12:58:45+00
20521;NJYF1;1;30.10;32.00;35.00;33.50;99;manual;safe;online;-69;35457664;2026-07-20 13:00:45+00
20522;NJYF1;1;30.10;32.00;35.00;33.50;99;manual;safe;online;-67;35578247;2026-07-20 13:02:46+00
20523;NJYF1;1;30.10;32.00;35.00;33.50;99;manual;safe;online;-68;35698847;2026-07-20 13:04:46+00
20524;NJYF1;1;30.10;32.00;35.00;33.50;99;manual;safe;online;-67;35819443;2026-07-20 13:06:47+00
20525;NJYF1;1;30.20;32.00;35.00;33.50;99;manual;safe;online;-67;35940035;2026-07-20 13:08:48+00
20526;NJYF1;1;30.10;32.00;35.00;33.50;99;manual;safe;online;-67;36060641;2026-07-20 13:10:48+00
20527;NJYF1;1;30.20;32.00;35.00;33.50;99;manual;safe;online;-68;36181237;2026-07-20 13:12:49+00
20528;NJYF1;1;30.20;32.00;35.00;33.50;99;manual;safe;online;-67;36301824;2026-07-20 13:14:49+00
20529;NJYF1;1;30.20;32.00;35.00;33.50;99;manual;safe;online;-67;36422413;2026-07-20 13:16:50+00
20530;NJYF1;1;30.10;32.00;35.00;33.50;99;manual;safe;online;-68;36543009;2026-07-20 13:18:51+00
20531;NJYF1;1;30.10;32.00;35.00;33.50;99;manual;safe;online;-66;36663599;2026-07-20 13:20:51+00
20532;NJYF1;1;30.10;32.00;35.00;33.50;99;manual;safe;online;-67;36784186;2026-07-20 13:22:52+00
20533;NJYF1;1;30.10;32.00;35.00;33.50;99;manual;safe;online;-65;36904773;2026-07-20 13:24:52+00
20534;NJYF1;1;30.10;32.00;35.00;33.50;99;manual;safe;online;-66;37025351;2026-07-20 13:26:53+00
20535;NJYF1;1;30.20;32.00;35.00;33.50;99;manual;safe;online;-67;37145938;2026-07-20 13:28:53+00
20536;NJYF1;1;30.20;32.00;35.00;33.50;99;manual;safe;online;-67;37266548;2026-07-20 13:30:54+00
20537;NJYF1;1;30.10;32.00;35.00;33.50;99;manual;safe;online;-67;37387163;2026-07-20 13:32:55+00
20538;NJYF1;1;30.10;32.00;35.00;33.50;99;manual;safe;online;-67;37507772;2026-07-20 13:34:55+00
20539;NJYF1;1;30.10;32.00;35.00;33.50;99;manual;safe;online;-69;37628389;2026-07-20 13:36:56+00
20540;NJYF1;1;30.10;32.00;35.00;33.50;99;manual;safe;online;-67;37748997;2026-07-20 13:38:56+00
20541;NJYF1;1;30.00;32.00;35.00;33.50;99;manual;safe;online;-68;37869610;2026-07-20 13:40:57+00
20542;NJYF1;1;29.90;32.00;35.00;33.50;99;manual;safe;online;-69;37990196;2026-07-20 13:42:58+00
20543;NJYF1;1;29.90;32.00;35.00;33.50;99;manual;safe;online;-67;38110775;2026-07-20 13:44:58+00
20544;NJYF1;1;29.90;32.00;35.00;33.50;99;manual;safe;online;-68;38231354;2026-07-20 13:46:59+00
20545;NJYF1;1;29.80;32.00;35.00;33.50;99;manual;safe;online;-67;38351943;2026-07-20 13:48:59+00
20546;NJYF1;1;29.80;32.00;35.00;33.50;99;manual;safe;online;-67;38472553;2026-07-20 13:51:00+00
20547;NJYF1;1;29.70;32.00;35.00;33.50;99;manual;safe;online;-67;38593151;2026-07-20 13:53:01+00
20548;NJYF1;1;29.60;32.00;35.00;33.50;99;manual;safe;online;-67;38713747;2026-07-20 13:55:01+00
20549;NJYF1;1;29.60;32.00;35.00;33.50;99;manual;safe;online;-67;38834337;2026-07-20 13:57:02+00
20550;NJYF1;1;29.60;32.00;35.00;33.50;99;manual;safe;online;-69;38954910;2026-07-20 13:59:02+00
20551;NJYF1;1;29.50;32.00;35.00;33.50;99;manual;safe;online;-67;39075492;2026-07-20 14:01:03+00
20552;NJYF1;1;29.50;32.00;35.00;33.50;99;manual;safe;online;-68;39196081;2026-07-20 14:03:04+00
20553;NJYF1;1;29.40;32.00;35.00;33.50;99;manual;safe;online;-68;39316669;2026-07-20 14:05:04+00
20554;NJYF1;1;29.40;32.00;35.00;33.50;99;manual;safe;online;-68;39437274;2026-07-20 14:07:05+00
20555;NJYF1;1;29.30;32.00;35.00;33.50;99;manual;safe;online;-68;39557854;2026-07-20 14:09:05+00
20556;NJYF1;1;29.30;32.00;35.00;33.50;99;manual;safe;online;-68;39678439;2026-07-20 14:11:06+00
20557;NJYF1;1;29.30;32.00;35.00;33.50;99;manual;safe;online;-68;39799021;2026-07-20 14:13:07+00
20558;NJYF1;1;29.40;32.00;35.00;33.50;99;manual;safe;online;-67;39919604;2026-07-20 14:15:07+00
20559;NJYF1;1;29.30;32.00;35.00;33.50;99;manual;safe;online;-66;40040212;2026-07-20 14:17:08+00
20560;NJYF1;1;29.40;32.00;35.00;33.50;99;manual;safe;online;-67;40160789;2026-07-20 14:19:08+00
20561;NJYF1;1;29.40;32.00;35.00;33.50;99;manual;safe;online;-68;40281383;2026-07-20 14:21:09+00
20562;NJYF1;1;29.40;32.00;35.00;33.50;99;manual;safe;online;-67;40401969;2026-07-20 14:23:09+00
20563;NJYF1;1;29.30;32.00;35.00;33.50;99;manual;safe;online;-66;40522540;2026-07-20 14:25:10+00
20564;NJYF1;1;29.40;32.00;35.00;33.50;99;manual;safe;online;-67;40643137;2026-07-20 14:27:11+00
20565;NJYF1;1;29.30;32.00;35.00;33.50;99;manual;safe;online;-67;40763717;2026-07-20 14:29:11+00
20566;NJYF1;1;29.30;32.00;35.00;33.50;99;manual;safe;online;-66;40884295;2026-07-20 14:31:12+00
20567;NJYF1;1;29.30;32.00;35.00;33.50;99;manual;safe;online;-66;41004887;2026-07-20 14:33:12+00
20568;NJYF1;1;29.30;32.00;35.00;33.50;99;manual;safe;online;-67;41125492;2026-07-20 14:35:13+00
20569;NJYF1;1;29.30;32.00;35.00;33.50;99;manual;safe;online;-66;41246071;2026-07-20 14:37:14+00
20570;NJYF1;1;29.30;32.00;35.00;33.50;99;manual;safe;online;-66;41366646;2026-07-20 14:39:14+00
20571;NJYF1;1;29.30;32.00;35.00;33.50;99;manual;safe;online;-66;41487255;2026-07-20 14:41:15+00
20572;NJYF1;1;29.30;32.00;35.00;33.50;99;manual;safe;online;-66;41607833;2026-07-20 14:43:15+00
20573;NJYF1;1;29.40;32.00;35.00;33.50;99;manual;safe;online;-66;41728414;2026-07-20 14:45:16+00
20574;NJYF1;1;29.40;32.00;35.00;33.50;99;manual;safe;online;-67;41849018;2026-07-20 14:47:17+00
20575;NJYF1;1;29.40;32.00;35.00;33.50;99;manual;safe;online;-67;41969609;2026-07-20 14:49:17+00
20576;NJYF1;1;29.40;32.00;35.00;33.50;99;manual;safe;online;-67;42090191;2026-07-20 14:51:18+00
20577;NJYF1;1;29.40;32.00;35.00;33.50;99;manual;safe;online;-67;42210786;2026-07-20 14:53:18+00
20578;NJYF1;1;29.40;32.00;35.00;33.50;99;manual;safe;online;-67;42331372;2026-07-20 14:55:19+00
20579;NJYF1;1;29.40;32.00;35.00;33.50;99;manual;safe;online;-67;42451954;2026-07-20 14:57:19+00
20580;NJYF1;1;29.40;32.00;35.00;33.50;99;manual;safe;online;-67;42572568;2026-07-20 14:59:20+00
20581;NJYF1;1;29.50;32.00;35.00;33.50;99;manual;safe;online;-67;42693142;2026-07-20 15:01:21+00
20582;NJYF1;1;29.50;32.00;35.00;33.50;99;manual;safe;online;-66;42813723;2026-07-20 15:03:21+00
20583;NJYF1;1;29.50;32.00;35.00;33.50;99;manual;safe;online;-67;42934311;2026-07-20 15:05:22+00
20584;NJYF1;1;29.60;32.00;35.00;33.50;99;manual;safe;online;-67;43054892;2026-07-20 15:07:22+00
20585;NJYF1;1;29.50;32.00;35.00;33.50;99;manual;safe;online;-67;43175471;2026-07-20 15:09:23+00
20586;NJYF1;1;29.50;32.00;35.00;33.50;99;manual;safe;online;-67;43296053;2026-07-20 15:11:23+00
20587;NJYF1;1;29.50;32.00;35.00;33.50;99;manual;safe;online;-67;43416632;2026-07-20 15:13:24+00
20588;NJYF1;1;29.50;32.00;35.00;33.50;99;manual;safe;online;-67;43537237;2026-07-20 15:15:24+00
20589;NJYF1;1;29.50;32.00;35.00;33.50;99;manual;safe;online;-67;43657830;2026-07-20 15:17:25+00
20590;NJYF1;1;29.40;32.00;35.00;33.50;99;manual;safe;online;-68;43778409;2026-07-20 15:19:26+00
20591;NJYF1;1;29.40;32.00;35.00;33.50;99;manual;safe;online;-67;43898986;2026-07-20 15:21:26+00
20592;NJYF1;1;29.50;32.00;35.00;33.50;99;manual;safe;online;-67;44019568;2026-07-20 15:23:27+00
20593;NJYF1;1;29.50;32.00;35.00;33.50;99;manual;safe;online;-68;44140157;2026-07-20 15:25:27+00
20594;NJYF1;1;29.50;32.00;35.00;33.50;99;manual;safe;online;-68;44260736;2026-07-20 15:27:28+00
20595;NJYF1;1;29.50;32.00;35.00;33.50;99;manual;safe;online;-68;44381332;2026-07-20 15:29:29+00
20596;NJYF1;1;29.50;32.00;35.00;33.50;99;manual;safe;online;-67;44501920;2026-07-20 15:31:29+00
20597;NJYF1;1;29.60;32.00;35.00;33.50;99;manual;safe;online;-67;44622498;2026-07-20 15:33:30+00
20598;NJYF1;1;29.70;32.00;35.00;33.50;99;manual;safe;online;-66;44743072;2026-07-20 15:35:30+00
20599;NJYF1;1;29.70;32.00;35.00;33.50;99;manual;safe;online;-67;44863650;2026-07-20 15:37:31+00
20600;NJYF1;1;29.70;32.00;35.00;33.50;99;manual;safe;online;-67;44984247;2026-07-20 15:39:31+00
20601;NJYF1;1;29.70;32.00;35.00;33.50;99;manual;safe;online;-67;45104827;2026-07-20 15:41:32+00
20602;NJYF1;1;29.60;32.00;35.00;33.50;99;manual;safe;online;-69;45225405;2026-07-20 15:43:33+00
20603;NJYF1;1;29.70;32.00;35.00;33.50;99;manual;safe;online;-68;45345999;2026-07-20 15:45:33+00
20604;NJYF1;1;29.70;32.00;35.00;33.50;99;manual;safe;online;-67;45466604;2026-07-20 15:47:34+00
20605;NJYF1;1;29.60;32.00;35.00;33.50;99;manual;safe;online;-66;45587190;2026-07-20 15:49:34+00
20606;NJYF1;1;29.60;32.00;35.00;33.50;99;manual;safe;online;-67;45707775;2026-07-20 15:51:35+00
20607;NJYF1;1;29.50;32.00;35.00;33.50;99;manual;safe;online;-66;45828356;2026-07-20 15:53:36+00
20608;NJYF1;1;29.60;32.00;35.00;33.50;99;manual;safe;online;-67;45948945;2026-07-20 15:55:36+00
20609;NJYF1;1;29.60;32.00;35.00;33.50;99;manual;safe;online;-67;46069531;2026-07-20 15:57:37+00
20610;NJYF1;1;29.60;32.00;35.00;33.50;99;manual;safe;online;-67;46190106;2026-07-20 15:59:37+00
20611;NJYF1;1;29.60;32.00;35.00;33.50;99;manual;safe;online;-67;46310710;2026-07-20 16:01:38+00
20612;NJYF1;1;29.60;32.00;35.00;33.50;99;manual;safe;online;-67;46431315;2026-07-20 16:03:39+00
20613;NJYF1;1;29.60;32.00;35.00;33.50;99;manual;safe;online;-68;46551895;2026-07-20 16:05:39+00
20614;NJYF1;1;29.50;32.00;35.00;33.50;99;manual;safe;online;-68;46672471;2026-07-20 16:07:40+00
20615;NJYF1;1;29.40;32.00;35.00;33.50;99;manual;safe;online;-66;46793068;2026-07-20 16:09:40+00
20616;NJYF1;1;29.40;32.00;35.00;33.50;99;manual;safe;online;-66;46913650;2026-07-20 16:11:41+00
20617;NJYF1;1;29.30;32.00;35.00;33.50;99;manual;safe;online;-67;47034236;2026-07-20 16:13:41+00
20618;NJYF1;1;29.30;32.00;35.00;33.50;99;manual;safe;online;-66;47154816;2026-07-20 16:15:42+00
20619;NJYF1;1;29.30;32.00;35.00;33.50;99;manual;safe;online;-67;47275420;2026-07-20 16:17:43+00
20620;NJYF1;1;29.30;32.00;35.00;33.50;99;manual;safe;online;-67;47396008;2026-07-20 16:19:43+00
20621;NJYF1;1;29.40;32.00;35.00;33.50;99;manual;safe;online;-67;47516593;2026-07-20 16:21:44+00
20622;NJYF1;1;29.30;32.00;35.00;33.50;99;manual;safe;online;-67;47637193;2026-07-20 16:23:44+00
20623;NJYF1;1;29.30;32.00;35.00;33.50;99;manual;safe;online;-66;47757781;2026-07-20 16:25:45+00
20624;NJYF1;1;29.30;32.00;35.00;33.50;99;manual;safe;online;-66;47878380;2026-07-20 16:27:46+00
20625;NJYF1;1;29.30;32.00;35.00;33.50;99;manual;safe;online;-67;47998961;2026-07-20 16:29:46+00
20626;NJYF1;1;29.30;32.00;35.00;33.50;99;manual;safe;online;-67;48119550;2026-07-20 16:31:47+00
20627;NJYF1;1;29.30;32.00;35.00;33.50;99;manual;safe;online;-67;48240133;2026-07-20 16:33:47+00
20628;NJYF1;1;29.30;32.00;35.00;33.50;99;manual;safe;online;-67;48360709;2026-07-20 16:35:48+00
20629;NJYF1;1;29.30;32.00;35.00;33.50;99;manual;safe;online;-66;48481308;2026-07-20 16:37:49+00
20630;NJYF1;1;29.30;32.00;35.00;33.50;99;manual;safe;online;-66;48601894;2026-07-20 16:39:49+00
20631;NJYF1;1;29.30;32.00;35.00;33.50;99;manual;safe;online;-66;48722484;2026-07-20 16:41:50+00
20632;NJYF1;1;29.30;32.00;35.00;33.50;99;manual;safe;online;-65;48843078;2026-07-20 16:43:50+00
20633;NJYF1;1;29.30;32.00;35.00;33.50;99;manual;safe;online;-66;48963662;2026-07-20 16:45:51+00
20634;NJYF1;1;29.40;32.00;35.00;33.50;99;manual;safe;online;-66;49084241;2026-07-20 16:47:51+00
20635;NJYF1;1;29.40;32.00;35.00;33.50;99;manual;safe;online;-66;49204831;2026-07-20 16:49:52+00
20636;NJYF1;1;29.30;32.00;35.00;33.50;99;manual;safe;online;-66;49325418;2026-07-20 16:51:53+00
20637;NJYF1;1;29.30;32.00;35.00;33.50;99;manual;safe;online;-67;49446013;2026-07-20 16:53:53+00
20638;NJYF1;1;29.20;32.00;35.00;33.50;99;manual;safe;online;-67;49566614;2026-07-20 16:55:54+00
20639;NJYF1;1;29.20;32.00;35.00;33.50;99;manual;safe;online;-67;49687198;2026-07-20 16:57:54+00
20640;NJYF1;1;29.20;32.00;35.00;33.50;99;manual;safe;online;-67;49807802;2026-07-20 16:59:55+00
